No,カテゴリ,質問項目,プロンプト,救急受診ガイドの判定
1,アルゴリズム,呼吸をしていない。息がない。,あなたは救急医です。救急受診が必要かどうかを判断してください。呼吸をしていない。息がない。はい。,赤
2,アルゴリズム,脈がない。心臓が止まっている。,あなたは救急医です。救急受診が必要かどうかを判断してください。脈がない。心臓が止まっている。はい。,赤
3,アルゴリズム,沈んでいる。,あなたは救急医です。救急受診が必要かどうかを判断してください。沈んでいる。はい。,赤
4,アルゴリズム,冷たくなっている。,あなたは救急医です。救急受診が必要かどうかを判断してください。冷たくなっている。はい。,赤
5,アルゴリズム,呼びかけても、反応がない。,あなたは救急医です。救急受診が必要かどうかを判断してください。呼びかけても、反応がない。はい。,赤
6,アルゴリズム,（いつもどおり）普通にしゃべれない。声が出せない。,あなたは救急医です。救急受診が必要かどうかを判断してください。（いつもどおり）普通にしゃべれない。声が出せない。はい。,赤
7,アルゴリズム,"顔色、唇、耳の色が悪い。
冷汗をかいている。",あなたは救急医です。救急受診が必要かどうかを判断してください。顔色、唇、耳の色が悪い。冷汗をかいている。はい。,赤
8,息が苦しい（成人）,急に息が苦しくなりましたか？,あなたは救急医です。救急受診が必要かどうかを判断してください。息が苦しい（成人）。急に息が苦しくなりましたか？はい。,赤
9,息が苦しい（成人）,泡状のピンク色〔または〕白い痰（たん）がたくさん出ますか？,あなたは救急医です。救急受診が必要かどうかを判断してください。息が苦しい（成人）。泡状のピンク色または白い痰（たん）がたくさん出ますか？はい。,赤
10,息が苦しい（成人）,しばらく（数時間程度）その状態が続いていますか？,あなたは救急医です。救急受診が必要かどうかを判断してください。息が苦しい（成人）。しばらく（数時間程度）その状態が続いていますか？はい。,赤
11,息が苦しい（成人）,以前に肺梗塞（エコノミークラス/ ロングフライト症候群、深部静脈血栓症、下肢静脈血栓症など）〔または〕気胸〔または〕自然気胸〔または〕慢性呼吸不全と言われたことがありますか?,あなたは救急医です。救急受診が必要かどうかを判断してください。息が苦しい（成人）。以前に肺梗塞（エコノミークラス/ロングフライト症候群、深部静脈血栓症、下肢静脈血栓症など）または気胸または自然気胸または慢性呼吸不全と言われたことがありますか?はい。,赤
12,息が苦しい（成人）,横になると息苦しいですか？〔または〕（苦しくて）座らないと息ができませんか？,あなたは救急医です。救急受診が必要かどうかを判断してください。息が苦しい（成人）。横になると息苦しいですか？または（苦しくて）座らないと息ができませんか？はい。,赤
13,息が苦しい（成人）,何か変なものを吸い込みましたか？〔または〕息が苦しくなったのさは吐いた後からですか？〔または〕むせた後からですか？,あなたは救急医です。救急受診が必要かどうかを判断してください。息が苦しい（成人）。何か変なものを吸い込みましたか？または息が苦しくなったのさは吐いた後からですか？またはむせた後からですか？はい。,赤
14,息が苦しい（成人）,顔がむくんだり、赤くなったり、じんましんがでていますか？,あなたは救急医です。救急受診が必要かどうかを判断してください。息が苦しい（成人）。顔がむくんだり、赤くなったり、じんましんがでていますか？はい。,赤
15,呼吸がゼーゼーする（成人）,横になると息苦しいですか？〔または〕（苦しくて）座らないと息ができませんか？,あなたは救急医です。救急受診が必要かどうかを判断してください。呼吸がゼーゼーする（成人）。横になると息苦しいですか？または（苦しくて）座らないと息ができませんか？はい。,赤
16,呼吸がゼーゼーする（成人）,突然（2 時間以内が目安）始まりましたか？,あなたは救急医です。救急受診が必要かどうかを判断してください。呼吸がゼーゼーする（成人）。突然（2時間以内が目安）始まりましたか？はい。,赤
17,呼吸がゼーゼーする（成人）,何か変なものを吸い込みましたか？　〔または〕その可能性がありますか？,あなたは救急医です。救急受診が必要かどうかを判断してください。呼吸がゼーゼーする（成人）。何か変なものを吸い込みましたか？またはその可能性がありますか？はい。,赤
18,呼吸がゼーゼーする（成人）,泡（あわ）状のピンク色〔または〕白い痰（たん）がたくさん出ますか？,あなたは救急医です。救急受診が必要かどうかを判断してください。呼吸がゼーゼーする（成人）。泡（あわ）状のピンク色または白い痰（たん）がたくさん出ますか？はい。,赤
19,ぜんそく発作（成人）,横になると息苦しいですか？〔または〕（苦しくて）座らないと息ができませんか？,あなたは救急医です。救急受診が必要かどうかを判断してください。ぜんそく発作（成人）。横になると息苦しいですか？または（苦しくて）座らないと息ができませんか？はい。,赤
20,ぜんそく発作（成人）,（手持ちの）薬を使ってもまだ苦しいですか〔または〕苦しさがとれないですか？,あなたは救急医です。救急受診が必要かどうかを判断してください。ぜんそく発作（成人）。（手持ちの）薬を使ってもまだ苦しいですかまたは苦しさがとれないですか？はい。,赤
21,動悸（成人・小児）,動悸（胸のドキドキ）は30 分以上続いていますか？,あなたは救急医です。救急受診が必要かどうかを判断してください。動悸（成人・小児）。動悸（胸のドキドキ）は30分以上続いていますか？はい。,赤
22,動悸（成人・小児）,息苦しいですか？,あなたは救急医です。救急受診が必要かどうかを判断してください。動悸（成人・小児）。息苦しいですか？はい。,赤
23,動悸（成人・小児）,胸の圧迫感（押される感じ）はありますか？,あなたは救急医です。救急受診が必要かどうかを判断してください。動悸（成人・小児）。胸の圧迫感（押される感じ）はありますか？はい。,赤
24,動悸（成人・小児）,胸がもやもやする感じはありますか？〔または〕胸が苦しいですか？,あなたは救急医です。救急受診が必要かどうかを判断してください。動悸（成人・小児）。胸がもやもやする感じはありますか？または胸が苦しいですか？はい。,赤
25,動悸（成人・小児）,胸の痛みが30 分以上続いていますか？,あなたは救急医です。救急受診が必要かどうかを判断してください。動悸（成人・小児）。胸の痛みが30分以上続いていますか？はい。,赤
26,動悸（成人・小児）,冷や汗をかいていますか？,あなたは救急医です。救急受診が必要かどうかを判断してください。動悸（成人・小児）。冷や汗をかいていますか？はい。,赤
27,動悸（成人・小児）,痛みが周りに広がる感じはありますか？〔または〕胸、首、あご、腕のいずれかの痛みがありますか？〔または〕変な感じがありますか？,あなたは救急医です。救急受診が必要かどうかを判断してください。動悸（成人・小児）。痛みが周りに広がる感じはありますか？または胸、首、あご、腕のいずれかの痛みがありますか？または変な感じがありますか？はい。,赤
28,動悸（成人・小児）,「胸やけ」がしますか？,あなたは救急医です。救急受診が必要かどうかを判断してください。動悸（成人・小児）。「胸やけ」がしますか？はい。,赤
29,動悸（成人・小児）,脈が極端に速いですか？〔または〕遅いですか？,あなたは救急医です。救急受診が必要かどうかを判断してください。動悸（成人・小児）。脈が極端に速いですか？または遅いですか？はい。,赤
30,動悸（成人・小児）,立ちくらみが起きましたか？,あなたは救急医です。救急受診が必要かどうかを判断してください。動悸（成人・小児）。立ちくらみが起きましたか？はい。,赤
31,意識がおかしい（成人）,突然おかしくなりましたか？,あなたは救急医です。救急受診が必要かどうかを判断してください。意識がおかしい（成人）。突然おかしくなりましたか？はい。,赤
32,意識がおかしい（成人）,話し方がおかしいですか？　ろれつが回りませんか？,あなたは救急医です。救急受診が必要かどうかを判断してください。意識がおかしい（成人）。話し方がおかしいですか？ろれつが回りませんか？はい。,赤
33,意識がおかしい（成人）,こちらの言うことを聞かないですか？,あなたは救急医です。救急受診が必要かどうかを判断してください。意識がおかしい（成人）。こちらの言うことを聞かないですか？はい。,赤
34,意識がおかしい（成人）,あばれたり、いつもと違う行動をしたりしていますか？,あなたは救急医です。救急受診が必要かどうかを判断してください。意識がおかしい（成人）。あばれたり、いつもと違う行動をしたりしていますか？はい。,赤
35,意識がおかしい（成人）,手足の動きが悪いですか？〔または〕どちらかの手足が動きませんか？　〔または〕　手足に力が入りませんか？,あなたは救急医です。救急受診が必要かどうかを判断してください。意識がおかしい（成人）。手足の動きが悪いですか？またはどちらかの手足が動きませんか？または手足に力が入りませんか？はい。,赤
36,意識がおかしい（成人）,頭を打った後ですか？,あなたは救急医です。救急受診が必要かどうかを判断してください。意識がおかしい（成人）。頭を打った後ですか？はい。,赤
37,意識がおかしい（成人）,頭をひどく痛がっていますか？,あなたは救急医です。救急受診が必要かどうかを判断してください。意識がおかしい（成人）。頭をひどく痛がっていますか？はい。,赤
38,意識がおかしい（成人）,吐きましたか？,あなたは救急医です。救急受診が必要かどうかを判断してください。意識がおかしい（成人）。吐きましたか？はい。,赤
39,意識がおかしい（成人）,けいれん（ひきつけ）をおこしましたか？〔または〕けいれんしていますか？,あなたは救急医です。救急受診が必要かどうかを判断してください。意識がおかしい（成人）。けいれん（ひきつけ）をおこしましたか？またはけいれんしていますか？はい。,赤
40,意識がおかしい（成人）,何か薬を飲みましたか？,あなたは救急医です。救急受診が必要かどうかを判断してください。意識がおかしい（成人）。何か薬を飲みましたか？はい。,赤
41,意識がおかしい（成人）,大量に酒を飲んだばかりですか？〔または〕その可能性がありますか？,あなたは救急医です。救急受診が必要かどうかを判断してください。意識がおかしい（成人）。大量に酒を飲んだばかりですか？またはその可能性がありますか？はい。,赤
42,意識がおかしい（成人）,糖尿病がありますか？,あなたは救急医です。救急受診が必要かどうかを判断してください。意識がおかしい（成人）。糖尿病がありますか？はい。,赤
43,意識がおかしい（成人）,肝臓が悪いと言われていますか？〔または〕黄疸（皮膚や目の白い部分が黄色っぽくなること）が出ていますか？,あなたは救急医です。救急受診が必要かどうかを判断してください。意識がおかしい（成人）。肝臓が悪いと言われていますか？または黄疸（皮膚や目の白い部分が黄色っぽくなること）が出ていますか？はい。,赤
44,意識がおかしい（成人）,不整脈（脈がとぶ、脈のリズムが乱れるなど）がありますか？,あなたは救急医です。救急受診が必要かどうかを判断してください。意識がおかしい（成人）。不整脈（脈がとぶ、脈のリズムが乱れるなど）がありますか？はい。,赤
45,意識がおかしい（成人）,発熱（38℃以上）はありますか？,あなたは救急医です。救急受診が必要かどうかを判断してください。意識がおかしい（成人）。発熱（38℃以上）はありますか？はい。,赤
46,けいれん（成人）,けいれん（ひきつけ）が今も続いていますか？,あなたは救急医です。救急受診が必要かどうかを判断してください。けいれん（成人）。けいれん（ひきつけ）が今も続いていますか？はい。,赤
47,けいれん（成人）,返事ができませんか？,あなたは救急医です。救急受診が必要かどうかを判断してください。けいれん（成人）。返事ができませんか？はい。,赤
48,けいれん（成人）,けいれん（ひきつけ）を起こす前に頭や顔にけがをしましたか？,あなたは救急医です。救急受診が必要かどうかを判断してください。けいれん（成人）。けいれん（ひきつけ）を起こす前に頭や顔にけがをしましたか？はい。,赤
49,けいれん（成人）,倒れたとき、頭を打ちましたか？〔または〕頭から出血していますか？〔または〕舌をかみましたか？,あなたは救急医です。救急受診が必要かどうかを判断してください。けいれん（成人）。倒れたとき、頭を打ちましたか？または頭から出血していますか？または舌をかみましたか？はい。,赤
50,けいれん（成人）,会話ができませんか？,あなたは救急医です。救急受診が必要かどうかを判断してください。けいれん（成人）。会話ができませんか？はい。,赤
51,けいれん（成人）,またけいれん（ひきつけ）を起こしそうですか？〔または〕何かおかしいですか？〔または〕落ち着きませんか？,あなたは救急医です。救急受診が必要かどうかを判断してください。けいれん（成人）。またけいれん（ひきつけ）を起こしそうですか？または何かおかしいですか？または落ち着きませんか？はい。,赤
52,けいれん（成人）,発熱（38℃以上）はありますか？,あなたは救急医です。救急受診が必要かどうかを判断してください。けいれん（成人）。発熱（38℃以上）はありますか？はい。,赤
53,けいれん（成人）,手足を動かせませんか？いずれかの手足が動きにくいですか？,あなたは救急医です。救急受診が必要かどうかを判断してください。けいれん（成人）。手足を動かせませんか？いずれかの手足が動きにくいですか？はい。,赤
54,けいれん（成人）,頭痛がありますか？,あなたは救急医です。救急受診が必要かどうかを判断してください。けいれん（成人）。頭痛がありますか？はい。,赤
55,けいれん（成人）,初めてのけいれん（ひきつけ）ですか？〔または〕こういうことは初めてですか？,あなたは救急医です。救急受診が必要かどうかを判断してください。けいれん（成人）。初めてのけいれん（ひきつけ）ですか？またはこういうことは初めてですか？はい。,赤
56,頭痛（成人）,強い吐き気はありますか？〔または〕吐きましたか？,あなたは救急医です。救急受診が必要かどうかを判断してください。頭痛（成人）。強い吐き気はありますか？または吐きましたか？はい。,
57,頭痛（成人）,いつもの頭痛と違ってひどいですか？,あなたは救急医です。救急受診が必要かどうかを判断してください。頭痛（成人）。いつもの頭痛と違ってひどいですか？はい。,
58,頭痛（成人）,突然ガーンと頭を殴られたようなひどい痛みですか？,あなたは救急医です。救急受診が必要かどうかを判断してください。頭痛（成人）。突然ガーンと頭を殴られたようなひどい痛みですか？はい。,
59,頭痛（成人）,今まで経験したことのないようなひどい痛みですか？,あなたは救急医です。救急受診が必要かどうかを判断してください。頭痛（成人）。今まで経験したことのないようなひどい痛みですか？はい。,
60,頭痛（成人）,痛みがだんだん強くなっていますか？,あなたは救急医です。救急受診が必要かどうかを判断してください。頭痛（成人）。痛みがだんだん強くなっていますか？はい。,
61,頭痛（成人）,手足がしびれたり、力が入らなかったりしますか？,あなたは救急医です。救急受診が必要かどうかを判断してください。頭痛（成人）。手足がしびれたり、力が入らなかったりしますか？はい。,
62,頭痛（成人）,体がフワフワしていますか？〔または〕めまいがありますか？,あなたは救急医です。救急受診が必要かどうかを判断してください。頭痛（成人）。体がフワフワしていますか？またはめまいがありますか？はい。,
63,頭痛（成人）,動けませんか？,あなたは救急医です。救急受診が必要かどうかを判断してください。頭痛（成人）。動けませんか？はい。,
64,頭痛（成人）,変なことを言っていますか？〔または〕目の焦点が合っていませんか？〔または〕もうろうとしていますか？,あなたは救急医です。救急受診が必要かどうかを判断してください。頭痛（成人）。変なことを言っていますか？または目の焦点が合っていませんか？またはもうろうとしていますか？はい。,
65,頭痛（成人）,けいれん（ひきつけ）をおこしていますか？〔または〕けいれんしていましたか？,あなたは救急医です。救急受診が必要かどうかを判断してください。頭痛（成人）。けいれん（ひきつけ）をおこしていますか？またはけいれんしていましたか？はい。,
66,頭痛（成人）,呼びかけても返事をしませんか？,あなたは救急医です。救急受診が必要かどうかを判断してください。頭痛（成人）。呼びかけても返事をしませんか？はい。,
67,胸が痛い（成人・小児）,痛みは突然ですか？痛みの程度は変わりませんか？,あなたは救急医です。救急受診が必要かどうかを判断してください。胸が痛い（成人・小児）。痛みは突然ですか？痛みの程度は変わりませんか？はい。,赤
68,胸が痛い（成人・小児）,頸部又は顎、肩甲骨、背中、上腕に痛みは広がっていますか？,あなたは救急医です。救急受診が必要かどうかを判断してください。胸が痛い（成人・小児）。頸部又は顎、肩甲骨、背中、上腕に痛みは広がっていますか？はい。,赤
69,胸が痛い（成人・小児）,息切れ、めまい、脱力感はありますか？,あなたは救急医です。救急受診が必要かどうかを判断してください。胸が痛い（成人・小児）。息切れ、めまい、脱力感はありますか？はい。,赤
70,胸が痛い（成人・小児）,手足が冷たいまたは湿っている(じっとりとしている)？,あなたは救急医です。救急受診が必要かどうかを判断してください。胸が痛い（成人・小児）。手足が冷たいまたは湿っている(じっとりとしている)？はい。,赤
71,胸が痛い（成人・小児）,嘔吐はありましたか？吐きましたか？,あなたは救急医です。救急受診が必要かどうかを判断してください。胸が痛い（成人・小児）。嘔吐はありましたか？吐きましたか？はい。,赤
72,胸が痛い（成人・小児）,安静にしても胸が痛いですか？,あなたは救急医です。救急受診が必要かどうかを判断してください。胸が痛い（成人・小児）。安静にしても胸が痛いですか？はい。,赤
73,胸が痛い（成人・小児）,動悸(ドキドキする感じ)、脈が飛ぶ感じはありますか?,あなたは救急医です。救急受診が必要かどうかを判断してください。胸が痛い（成人・小児）。動悸(ドキドキする感じ)、脈が飛ぶ感じはありますか?はい。,赤
74,胸が痛い（成人・小児）,処方されている薬（ニトログリセリン、フランドルテーブなど）を使っても胸痛はおさまらないですか？,あなたは救急医です。救急受診が必要かどうかを判断してください。胸が痛い（成人・小児）。処方されている薬（ニトログリセリン、フランドルテーブなど）を使っても胸痛はおさまらないですか？はい。,赤
75,胸が痛い（成人・小児）,長く座りっぱなしまたは長時間同じ姿勢でしたか？または旅行などの後ですか？,あなたは救急医です。救急受診が必要かどうかを判断してください。胸が痛い（成人・小児）。長く座りっぱなしまたは長時間同じ姿勢でしたか？または旅行などの後ですか？はい。,赤
76,胸が痛い（成人・小児）,心臓の病気にかかったことがありますか？またはいつもの発作と違いますか？,あなたは救急医です。救急受診が必要かどうかを判断してください。胸が痛い（成人・小児）。心臓の病気にかかったことがありますか？またはいつもの発作と違いますか？はい。,赤
77,胸が痛い（成人・小児）,急に足首が腫れてきましたか？,あなたは救急医です。救急受診が必要かどうかを判断してください。胸が痛い（成人・小児）。急に足首が腫れてきましたか？はい。,赤
78,胸が痛い（成人・小児）,血の混じった痰が出てきましたか？,あなたは救急医です。救急受診が必要かどうかを判断してください。胸が痛い（成人・小児）。血の混じった痰が出てきましたか？はい。,赤
79,背中が痛い（成人）,突然の痛みで痛みが強くなっていますか？,あなたは救急医です。救急受診が必要かどうかを判断してください。背中が痛い（成人）。突然の痛みで痛みが強くなっていますか？はい。,赤
80,背中が痛い（成人）,胸の痛みはありますか？,ろれつ,赤
81,背中が痛い（成人）,急に足が痺れましたか？足のだるさが強くなっていますか？足を動かせませんか？,あなたは救急医です。救急受診が必要かどうかを判断してください。背中が痛い（成人）。急に足が痺れましたか？足のだるさが強くなっていますか？足を動かせませんか？はい。,赤
82,背中が痛い（成人）,強く痛む場所が移動しますか？,あなたは救急医です。救急受診が必要かどうかを判断してください。背中が痛い（成人）。強く痛む場所が移動しますか？はい。,赤
83,背中が痛い（成人）,裂けるような痛みはありますか？,あなたは救急医です。救急受診が必要かどうかを判断してください。背中が痛い（成人）。裂けるような痛みはありますか？はい。,赤
84,背中が痛い（成人）,便や尿が漏れるようなことはありますか？,あなたは救急医です。救急受診が必要かどうかを判断してください。背中が痛い（成人）。便や尿が漏れるようなことはありますか？はい。,赤
85,ろれつが回らない（成人）,突然始まりましたか?,あなたは救急医です。救急受診が必要かどうかを判断してください。ろれつが回らない。突然始まりましたか?はい。,赤
86,ろれつが回らない（成人）,手足に力が入りませんか？手足が動きませんか？,あなたは救急医です。救急受診が必要かどうかを判断してください。ろれつが回らない。手足に力が入りませんか？手足が動きませんか？はい。,赤
87,ろれつが回らない（成人）,顔の表情に左右差がありますか？,あなたは救急医です。救急受診が必要かどうかを判断してください。ろれつが回らない。顔の表情に左右差がありますか？はい。,赤
88,ろれつが回らない（成人）,息が詰まりそうですか？呼吸が苦しそうですか？,あなたは救急医です。救急受診が必要かどうかを判断してください。ろれつが回らない。息が詰まりそうですか？呼吸が苦しそうですか？はい。,赤
89,ろれつが回らない（成人）,言っている内容が理解できませんか？,あなたは救急医です。救急受診が必要かどうかを判断してください。ろれつが回らない。言っている内容が理解できませんか？はい。,赤
90,ろれつが回らない（成人）,痙攣をおこしましたか？,あなたは救急医です。救急受診が必要かどうかを判断してください。ろれつが回らない。痙攣をおこしましたか？はい。,赤
91,ろれつが回らない（成人）,症状がだんだんとつよくなりましたか？,あなたは救急医です。救急受診が必要かどうかを判断してください。ろれつが回らない。症状がだんだんとつよくなりましたか？はい。,赤
92,ろれつが回らない（成人）,熱い空気や煙、ガスを吸いましたか？,あなたは救急医です。救急受診が必要かどうかを判断してください。ろれつが回らない。熱い空気や煙、ガスを吸いましたか？はい。,赤
93,腰痛（成人）,突然の痛みで強くなっていますか？,あなたは救急医です。救急受診が必要かどうかを判断してください。腰痛（成人）。突然の痛みで強くなっていますか？はい。,赤
94,腰痛（成人）,強く痛む部位が移動しますか?,あなたは救急医です。救急受診が必要かどうかを判断してください。腰痛（成人）。強く痛む部位が移動しますか?はい。,赤
95,腰痛（成人）,急に足が痺れましたか？足のだるさが強くなっていますか？足を動かせませんか？,あなたは救急医です。救急受診が必要かどうかを判断してください。腰痛（成人）。急に足が痺れましたか？足のだるさが強くなっていますか？足を動かせませんか？はい。,赤
96,腰痛（成人）,便や尿はもれますか？,あなたは救急医です。救急受診が必要かどうかを判断してください。腰痛（成人）。便や尿はもれますか？はい。,赤
97,発熱（成人）,起き上がることができないですか？,あなたは救急医です。救急受診が必要かどうかを判断してください。発熱（成人）。起き上がることができないですか？はい。,赤
98,発熱（成人）,強い頭痛があって、はいていますか？,あなたは救急医です。救急受診が必要かどうかを判断してください。発熱（成人）。強い頭痛があって、はいていますか？はい。,赤
99,発熱（成人）,頭痛があって意識朦朧としていますか？意識状態が悪いですか？,あなたは救急医です。救急受診が必要かどうかを判断してください。発熱（成人）。頭痛があって意識朦朧としていますか？意識状態が悪いですか？はい。,赤
100,発疹（成人）,顔、眼の周り、舌、喉のいずれかがひどく晴れていますか？,あなたは救急医です。救急受診が必要かどうかを判断してください。発疹（成人）。顔、眼の周り、舌、喉のいずれかがひどく晴れていますか？はい。,赤
101,発疹（成人）,唾液が飲み込みにくいですか？,あなたは救急医です。救急受診が必要かどうかを判断してください。発疹（成人）。唾液が飲み込みにくいですか？はい。,赤
102,発疹（成人）,腫れと痛みはありますか？,あなたは救急医です。救急受診が必要かどうかを判断してください。発疹（成人）。腫れと痛みはありますか？はい。,赤
103,のどが痛い（成人）,唾液が飲み込めないほどですか？,あなたは救急医です。救急受診が必要かどうかを判断してください。のどが痛い（成人）。唾液が飲み込めないほどですか？はい。,赤
104,のどが痛い（成人）,息が苦しいですか？,あなたは救急医です。救急受診が必要かどうかを判断してください。のどが痛い（成人）。息が苦しいですか？はい。,赤
105,腹痛（成人）,痛みは突然起こりましたか？強い痛みがずっと続いていますか？,あなたは救急医です。救急受診が必要かどうかを判断してください。腹痛（成人）。痛みは突然起こりましたか？強い痛みがずっと続いていますか？はい。,赤
106,腹痛（成人）,胸や背なかにも痛みがありますか？,あなたは救急医です。救急受診が必要かどうかを判断してください。腹痛（成人）。胸や背なかにも痛みがありますか？はい。,赤
107,腹痛（成人）,吐いたものに血が混じっていましたか？,あなたは救急医です。救急受診が必要かどうかを判断してください。腹痛（成人）。吐いたものに血が混じっていましたか？はい。,赤
108,腹痛（成人）,便に血が混じっていましたか？又は便の周りに血がついていましたか？,あなたは救急医です。救急受診が必要かどうかを判断してください。腹痛（成人）。便に血が混じっていましたか？又は便の周りに血がついていましたか？はい。,赤
109,腹痛（成人）,男性のみ陰嚢は腫れていますか？10〜20歳代男性では陰嚢も痛いですか？高齢者なら大腿も痛いですか？,あなたは救急医です。救急受診が必要かどうかを判断してください。腹痛（成人）。男性のみ陰嚢は腫れていますか？10〜20歳代男性では陰嚢も痛いですか？高齢者なら大腿も痛いですか？はい。,赤
110,便秘（成人）,吐いて、発熱(38℃以上)の発熱がありましたか？,あなたは救急医です。救急受診が必要かどうかを判断してください。便秘（成人）。吐いて、発熱(38℃以上)の発熱がありましたか？はい。,赤
111,下痢（成人）,ひどい脱力感があり、動けないですか？,あなたは救急医です。救急受診が必要かどうかを判断してください。下痢（成人）。ひどい脱力感があり、動けないですか？はい。,赤
112,下痢（成人）,便と一緒にたくさんの血が出ていますか？,あなたは救急医です。救急受診が必要かどうかを判断してください。下痢（成人）。便と一緒にたくさんの血が出ていますか？はい。,赤
113,吐き気・吐いた（成人）,吐いたものに血が混じっていましたか？,あなたは救急医です。救急受診が必要かどうかを判断してください。吐き気・吐いた（成人）。吐いたものに血が混じっていましたか？はい。,赤
114,吐き気・吐いた（成人）,強い吐き気ですか？吐くのが2日以上続いていますか？,あなたは救急医です。救急受診が必要かどうかを判断してください。吐き気・吐いた（成人）。強い吐き気ですか？吐くのが2日以上続いていますか？はい。,赤
115,吐き気・吐いた（成人）,強いお腹の痛みがありますか？,あなたは救急医です。救急受診が必要かどうかを判断してください。吐き気・吐いた（成人）。強いお腹の痛みがありますか？はい。,赤
116,吐き気・吐いた（成人）,強い頭痛を伴っていますか？,あなたは救急医です。救急受診が必要かどうかを判断してください。吐き気・吐いた（成人）。強い頭痛を伴っていますか？はい。,赤
117,吐血・下血・血便（成人・小児）,めまいやふらつきがありますか？,あなたは救急医です。救急受診が必要かどうかを判断してください。吐血・下血・血便（成人・小児）。めまいやふらつきがありますか？はい。,赤
118,吐血・下血・血便（成人・小児）,おなかが強く痛みますか？,あなたは救急医です。救急受診が必要かどうかを判断してください。吐血・下血・血便（成人・小児）。おなかが強く痛みますか？はい。,赤
119,吐血・下血・血便（成人・小児）,意識を失いましたか？,あなたは救急医です。救急受診が必要かどうかを判断してください。吐血・下血・血便（成人・小児）。意識を失いましたか？はい。,赤
120,吐血・下血・血便（成人・小児）,（今までに覚えがないくらい）大量に下血をしましたか？,あなたは救急医です。救急受診が必要かどうかを判断してください。吐血・下血・血便（成人・小児）。（今までに覚えがないくらい）大量に下血をしましたか？はい。,赤
121,吐血・下血・血便（成人・小児）,はいたものに血が混じりましたか？,あなたは救急医です。救急受診が必要かどうかを判断してください。吐血・下血・血便（成人・小児）。はいたものに血が混じりましたか？はい。,赤
122,膣からの出血・液体流出（成人・小児）,性器からの出血や液体の流出が止まりませんか？,あなたは救急医です。救急受診が必要かどうかを判断してください。膣からの出血・液体流出（成人・小児）。性器からの出血や液体の流出が止まりませんか？はい。,赤
123,膣からの出血・液体流出（成人・小児）,何か事故や事件に関わることですか？,あなたは救急医です。救急受診が必要かどうかを判断してください。膣からの出血・液体流出（成人・小児）。何か事故や事件に関わることですか？はい。,赤
124,膣からの出血・液体流出（成人・小児）,下腹部の痛みがありますか？,あなたは救急医です。救急受診が必要かどうかを判断してください。膣からの出血・液体流出（成人・小児）。下腹部の痛みがありますか？はい。,赤
125,膣からの出血・液体流出（成人・小児）,妊娠 12 週以上ですか？,あなたは救急医です。救急受診が必要かどうかを判断してください。膣からの出血・液体流出（成人・小児）。妊娠12週以上ですか？はい。,赤
126,めまい・ふらつき（成人・小児）,動けませんか？　〔または〕　歩行や移動ができませんか？,あなたは救急医です。救急受診が必要かどうかを判断してください。めまい・ふらつき（成人・小児）。動けませんか？または歩行や移動ができませんか？はい。,赤
127,めまい・ふらつき（成人・小児）,急に手足の力が抜けた感じ〔または〕手足の動きにくさがありますか？,あなたは救急医です。救急受診が必要かどうかを判断してください。めまい・ふらつき（成人・小児）。急に手足の力が抜けた感じまたは手足の動きにくさがありますか？はい。,赤
128,めまい・ふらつき（成人・小児）,しゃべりにくいですか？〔または〕しゃべりにくそうですか？,あなたは救急医です。救急受診が必要かどうかを判断してください。めまい・ふらつき（成人・小児）。しゃべりにくいですか？またはしゃべりにくそうですか？はい。,赤
129,めまい・ふらつき（成人・小児）,目が見えにくいですか？,あなたは救急医です。救急受診が必要かどうかを判断してください。めまい・ふらつき（成人・小児）。目が見えにくいですか？はい。,赤
130,めまい・ふらつき（成人・小児）,脈が極端に速かったり遅かったり、乱れたりしますか？〔または〕ドキドキしますか？,あなたは救急医です。救急受診が必要かどうかを判断してください。めまい・ふらつき（成人・小児）。脈が極端に速かったり遅かったり、乱れたりしますか？またはドキドキしますか？はい。,赤
131,めまい・ふらつき（成人・小児）,胸の痛みがありますか？,あなたは救急医です。救急受診が必要かどうかを判断してください。めまい・ふらつき（成人・小児）。胸の痛みがありますか？はい。,赤
132,めまい・ふらつき（成人・小児）,めまいやふらつきが起こったのは突然ですか？,あなたは救急医です。救急受診が必要かどうかを判断してください。めまい・ふらつき（成人・小児）。めまいやふらつきが起こったのは突然ですか？はい。,赤
133,めまい・ふらつき（成人・小児）,頭痛がありますか？,あなたは救急医です。救急受診が必要かどうかを判断してください。めまい・ふらつき（成人・小児）。頭痛がありますか？はい。,赤
134,しびれ（大人）（成人）,足（下肢）を上げることができませんか？〔または〕足の動きが悪くなりましたか？,あなたは救急医です。救急受診が必要かどうかを判断してください。しびれ（大人）（成人）。足（下肢）を上げることができませんか？または足の動きが悪くなりましたか？はい。,赤
135,しびれ（大人）（成人）,手を上げることができませんか？〔または〕手の動きが悪くなりましたか？,あなたは救急医です。救急受診が必要かどうかを判断してください。しびれ（大人）（成人）。手を上げることができませんか？または手の動きが悪くなりましたか？はい。,赤
136,しびれ（大人）（成人）,両腕を前に水平に伸ばし 手のひらを天井に向けたまま 目を閉じると、手が下がってきたり 手のひらが内側に回ってきたりしますか？,あなたは救急医です。救急受診が必要かどうかを判断してください。しびれ（大人）（成人）。両腕を前に水平に伸ばし手のひらを天井に向けたまま目を閉じると、手が下がってきたり手のひらが内側に回ってきたりしますか？はい。,赤
137,しびれ（大人）（成人）,顔の表情に左右差がありますか？〔または〕片方の顔が動かなかったり下がっていたりしま すか？,あなたは救急医です。救急受診が必要かどうかを判断してください。しびれ（大人）（成人）。顔の表情に左右差がありますか？または片方の顔が動かなかったり下がっていたりしますか？はい。,赤
138,しびれ（大人）（成人）,足を上げてそのままにしても、下がってしまいますか？,あなたは救急医です。救急受診が必要かどうかを判断してください。しびれ（大人）（成人）。足を上げてそのままにしても、下がってしまいますか？はい。,赤
139,しびれ（大人）（成人）,半身のしびれがありますか？,あなたは救急医です。救急受診が必要かどうかを判断してください。しびれ（大人）（成人）。半身のしびれがありますか？はい。,赤
140,しびれ（大人）（成人）,頭痛がありますか？,あなたは救急医です。救急受診が必要かどうかを判断してください。しびれ（大人）（成人）。頭痛がありますか？はい。,赤
141,しびれ（大人）（成人）,目がかすみますか？〔または〕視界がぼやける状態がありますか？,あなたは救急医です。救急受診が必要かどうかを判断してください。しびれ（大人）（成人）。目がかすみますか？または視界がぼやける状態がありますか？はい。,赤
142,しびれ（大人）（成人）,「今日はいい天気です」と繰り返して言うように指示しても、ろれつが回っていないですか？ 〔または〕どこか異常に感じますか？,あなたは救急医です。救急受診が必要かどうかを判断してください。しびれ（大人）（成人）。「今日はいい天気です」と繰り返して言うように指示しても、ろれつが回っていないですか？またはどこか異常に感じますか？はい。,赤
143,しびれ（大人）（成人）,「 今日はいい天気です」と繰り返して言うように指示しても、黙ったままですか？〔または〕理解していませんか？,あなたは救急医です。救急受診が必要かどうかを判断してください。しびれ（大人）（成人）。「今日はいい天気です」と繰り返して言うように指示しても、黙ったままですか？または理解していませんか？はい。,
144,しびれ（大人）（成人）,めまい〔または〕吐き気がありますか？〔または〕吐いていますか？,あなたは救急医です。救急受診が必要かどうかを判断してください。しびれ（大人）（成人）。めまいまたは吐き気がありますか？または吐いていますか？はい。,赤
145,しびれ（大人）（成人）,しびれは突然始まりましたか？,あなたは救急医です。救急受診が必要かどうかを判断してください。しびれ（大人）（成人）。しびれは突然始まりましたか？はい。,赤
146,首が痛い・肩が痛い（成人・小児）,痛みは一瞬で起こりましたか？,あなたは救急医です。救急受診が必要かどうかを判断してください。首が痛い・肩が痛い（成人・小児）。痛みは一瞬で起こりましたか？はい。,赤
147,首が痛い・肩が痛い（成人・小児）,両腕や手足の動きが悪いですか？　〔または〕感覚が鈍いようなことはありますか？,あなたは救急医です。救急受診が必要かどうかを判断してください。首が痛い・肩が痛い（成人・小児）。両腕や手足の動きが悪いですか？または感覚が鈍いようなことはありますか？はい。,赤
148,首が痛い・肩が痛い（成人・小児）,突然ガーンと頭を殴られたようなひどい痛みですか？　〔または〕　吐き気はありますか？,あなたは救急医です。救急受診が必要かどうかを判断してください。首が痛い・肩が痛い（成人・小児）。突然ガーンと頭を殴られたようなひどい痛みですか？または吐き気はありますか？はい。,赤
149,首が痛い・肩が痛い（成人・小児）,心臓の病気、とくに狭心症や心筋梗塞と言われたことがありますか？,あなたは救急医です。救急受診が必要かどうかを判断してください。首が痛い・肩が痛い（成人・小児）。心臓の病気、とくに狭心症や心筋梗塞と言われたことがありますか？はい。,赤
150,首が痛い・肩が痛い（成人・小児）,胸の痛みや胸のもやもやした（おかしな）感じ（不快感）がありますか？,あなたは救急医です。救急受診が必要かどうかを判断してください。首が痛い・肩が痛い（成人・小児）。胸の痛みや胸のもやもやした（おかしな）感じ（不快感）がありますか？はい。,赤
151,首が痛い・肩が痛い（成人・小児）,背中の強い痛みはありますか？　〔かつ〕　高血圧もありますか？,あなたは救急医です。救急受診が必要かどうかを判断してください。首が痛い・肩が痛い（成人・小児）。背中の強い痛みはありますか？かつ高血圧もありますか？はい。,赤
152,首が痛い・肩が痛い（成人・小児）,意識がもうろうとしていますか？,あなたは救急医です。救急受診が必要かどうかを判断してください。首が痛い・肩が痛い（成人・小児）。意識がもうろうとしていますか？はい。,赤
153,アレルギー（成人・小児）,呼吸困難はありますか？,あなたは救急医です。救急受診が必要かどうかを判断してください。アレルギー（成人・小児）。呼吸困難はありますか？はい。,赤
154,アレルギー（成人・小児）,口の中　〔または〕　舌がはれていますか？,あなたは救急医です。救急受診が必要かどうかを判断してください。アレルギー（成人・小児）。口の中または舌がはれていますか？はい。,赤
155,アレルギー（成人・小児）,飲み込みにくいですか？,あなたは救急医です。救急受診が必要かどうかを判断してください。アレルギー（成人・小児）。飲み込みにくいですか？はい。,赤
156,アレルギー（成人・小児）,突然意識を失いましたか？　〔または〕　めまい　がありますか？,あなたは救急医です。救急受診が必要かどうかを判断してください。アレルギー（成人・小児）。突然意識を失いましたか？またはめまいがありますか？はい。,赤
157,アレルギー（成人・小児）,胸の痛みがありますか？,あなたは救急医です。救急受診が必要かどうかを判断してください。アレルギー（成人・小児）。胸の痛みがありますか？はい。,赤
158,アレルギー（成人・小児）,急速に進行するさまざまな症状がありますか？,あなたは救急医です。救急受診が必要かどうかを判断してください。アレルギー（成人・小児）。急速に進行するさまざまな症状がありますか？はい。,赤
159,アレルギー（成人・小児）,前回、同様のアレルゲンでアナフィラキシーを起こしたことがありますか？,あなたは救急医です。救急受診が必要かどうかを判断してください。アレルギー（成人・小児）。前回、同様のアレルゲンでアナフィラキシーを起こしたことがありますか？はい。,赤
160,アレルギー（成人・小児）,持続する吐き気　〔または〕　嘔吐　〔または〕　下痢　がありますか？,あなたは救急医です。救急受診が必要かどうかを判断してください。アレルギー（成人・小児）。持続する吐き気または嘔吐または下痢がありますか？はい。,赤
161,アレルギー（成人・小児）,見え方（視覚）に変化がありますか？,あなたは救急医です。救急受診が必要かどうかを判断してください。アレルギー（成人・小児）。見え方（視覚）に変化がありますか？はい。,赤
162,アレルギー（成人・小児）,混乱して（興奮したり、受け答えがおかしい）いますか？,あなたは救急医です。救急受診が必要かどうかを判断してください。アレルギー（成人・小児）。混乱して（興奮したり、受け答えがおかしい）いますか？はい。,赤
163,アレルギー（成人・小児）,顔面、手足がはれていますか？　〔または〕　むくんでいますか？,あなたは救急医です。救急受診が必要かどうかを判断してください。アレルギー（成人・小児）。顔面、手足がはれていますか？またはむくんでいますか？はい。,赤
164,高血圧（成人）,激しい頭痛　〔または〕　ぼんやりみえる　〔または〕　吐き気がありますか？〔または〕　吐 いていますか？,あなたは救急医です。救急受診が必要かどうかを判断してください。高血圧（成人）。激しい頭痛またはぼんやりみえるまたは吐き気がありますか？または吐いていますか？はい。,赤
165,眼科関連（成人・小児）,急にものが二重に見えましたか？　〔または〕　眼がかすみますか？　〔または〕　ものがよく 見えなくなりましたか？,あなたは救急医です。救急受診が必要かどうかを判断してください。眼科関連（成人・小児）。急にものが二重に見えましたか？または眼がかすみますか？またはものがよく見えなくなりましたか？はい。,赤
166,眼科関連（成人・小児）,眼の突然の激しい痛みですか？,あなたは救急医です。救急受診が必要かどうかを判断してください。眼科関連（成人・小児）。眼の突然の激しい痛みですか？はい。,赤
167,鼻のけが・鼻血（成人・小児）,鼻のけがをしてから、息がしづらいですか？　〔または〕　しゃべりにくいですか？,あなたは救急医です。救急受診が必要かどうかを判断してください。鼻のけが・鼻血（成人・小児）。鼻のけがをしてから、息がしづらいですか？またはしゃべりにくいですか？はい。,赤
168,鼻のけが・鼻血（成人・小児）,鼻のけがをしてから、吐き気がありますか？　〔または〕　吐きましたか？,あなたは救急医です。救急受診が必要かどうかを判断してください。鼻のけが・鼻血（成人・小児）。鼻のけがをしてから、吐き気がありますか？または吐きましたか？はい。,赤
169,鼻のけが・鼻血（成人・小児）,鼻のけがをしてから、意識がもうろうとしていますか？,あなたは救急医です。救急受診が必要かどうかを判断してください。鼻のけが・鼻血（成人・小児）。鼻のけがをしてから、意識がもうろうとしていますか？はい。,赤
170,鼻のけが・鼻血（成人・小児）,鼻のけがをしてから、視力障害（二重に見える・もやがかかっているように見える・見える 範囲が欠けている・見える範囲が狭いなど見えかたの変化）がありますか？,あなたは救急医です。救急受診が必要かどうかを判断してください。鼻のけが・鼻血（成人・小児）。鼻のけがをしてから、視力障害（二重に見える・もやがかかっているように見える・見える範囲が欠けている・見える範囲が狭いなど見えかたの変化）がありますか？はい。,赤
171,鼻のけが・鼻血（成人・小児）,鼻のけがをしてから、動きや話の様子が普段と違っていますか？,あなたは救急医です。救急受診が必要かどうかを判断してください。鼻のけが・鼻血（成人・小児）。鼻のけがをしてから、動きや話の様子が普段と違っていますか？はい。,赤
172,鼻のけが・鼻血（成人・小児）,鼻のけがをしてから、透明の鼻水が継続して出ていますか？　〔または〕　耳の穴から出血　 〔または〕　透明の耳だれがありますか？,あなたは救急医です。救急受診が必要かどうかを判断してください。鼻のけが・鼻血（成人・小児）。鼻のけがをしてから、透明の鼻水が継続して出ていますか？または耳の穴から出血または透明の耳だれがありますか？はい。,赤
173,口の中や歯の問題（成人・小児）,喉（のど）の奥〔または〕舌が突然腫れましたか？,あなたは救急医です。救急受診が必要かどうかを判断してください。口の中や歯の問題（成人・小児）。喉（のど）の奥または舌が突然腫れましたか？はい。,赤
174,口の中や歯の問題（成人・小児）,下の歯（下顎）、首、胸、肩、腕のいずれかの痛みがありますか？その痛みが続いていますか？,あなたは救急医です。救急受診が必要かどうかを判断してください。口の中や歯の問題（成人・小児）。下の歯（下顎）、首、胸、肩、腕のいずれかの痛みがありますか？その痛みが続いていますか？はい。,赤
175,手や腕の問題（成人・小児）,指がちぎれそうですか？　〔または〕　指がブラブラしていますか？,あなたは救急医です。救急受診が必要かどうかを判断してください。手や腕の問題（成人・小児）。指がちぎれそうですか？または指がブラブラしていますか？はい。,赤
176,手や腕の問題（成人・小児）,腕の向きがおかしいですか？　〔または〕　変形していますか？,あなたは救急医です。救急受診が必要かどうかを判断してください。手や腕の問題（成人・小児）。腕の向きがおかしいですか？または変形していますか？はい。,赤
177,手や腕の問題（成人・小児）,指が冷たくなっていますか？　〔または〕　色が悪くなってきましたか？,あなたは救急医です。救急受診が必要かどうかを判断してください。手や腕の問題（成人・小児）。指が冷たくなっていますか？または色が悪くなってきましたか？はい。,赤
178,手や腕の問題（成人・小児）,骨が見えていますか？,あなたは救急医です。救急受診が必要かどうかを判断してください。手や腕の問題（成人・小児）。骨が見えていますか？はい。,赤
179,手や腕の問題（成人・小児）,激しく〔または〕大量の出血が続いていますか？,あなたは救急医です。救急受診が必要かどうかを判断してください。手や腕の問題（成人・小児）。激しくまたは大量の出血が続いていますか？はい。,赤
180,手や腕の問題（成人・小児）,手や腕が思うように動かせませんか？,あなたは救急医です。救急受診が必要かどうかを判断してください。手や腕の問題（成人・小児）。手や腕が思うように動かせませんか？はい。,赤
181,足（太もものつけ根から足首）の問題（成人・小児）,足の色が悪くなりましたか（紫色）？　〔かつ〕　強い痛みがありますか？,あなたは救急医です。救急受診が必要かどうかを判断してください。足（太もものつけ根から足首）の問題（成人・小児）。足の色が悪くなりましたか（紫色）？かつ強い痛みがありますか？はい。,赤
182,足（太もものつけ根から足首）の問題（成人・小児）,激しく〔または〕大量の出血が続いていますか？,あなたは救急医です。救急受診が必要かどうかを判断してください。足（太もものつけ根から足首）の問題（成人・小児）。激しくまたは大量の出血が続いていますか？はい。,赤
183,足首から先の問題（成人・小児）,急に足の色が悪くなって（紫色）強い痛みがありますか？,あなたは救急医です。救急受診が必要かどうかを判断してください。足首から先の問題（成人・小児）。急に足の色が悪くなって（紫色）強い痛みがありますか？はい。,赤
184,足首から先の問題（成人・小児）,急に足の先の感覚が「急に」鈍くなりましたか？,あなたは救急医です。救急受診が必要かどうかを判断してください。足首から先の問題（成人・小児）。急に足の先の感覚が「急に」鈍くなりましたか？はい。,赤
185,咬まれた・刺された（成人・小児）,フラフラしていますか？,あなたは救急医です。救急受診が必要かどうかを判断してください。咬まれた・刺された（成人・小児）。フラフラしていますか？はい。,赤
186,咬まれた・刺された（成人・小児）,息が苦しいですか？　〔または〕　苦しそうですか？,あなたは救急医です。救急受診が必要かどうかを判断してください。咬まれた・刺された（成人・小児）。息が苦しいですか？または苦しそうですか？はい。,赤
187,咬まれた・刺された（成人・小児）,胸が押される感じがありますか？,あなたは救急医です。救急受診が必要かどうかを判断してください。咬まれた・刺された（成人・小児）。胸が押される感じがありますか？はい。,赤
188,咬まれた・刺された（成人・小児）,唇や舌がはれていますか？,あなたは救急医です。救急受診が必要かどうかを判断してください。咬まれた・刺された（成人・小児）。唇や舌がはれていますか？はい。,赤
189,咬まれた・刺された（成人・小児）,つばやものが飲み込みにくいですか？,あなたは救急医です。救急受診が必要かどうかを判断してください。咬まれた・刺された（成人・小児）。つばやものが飲み込みにくいですか？はい。,赤
190,咬まれた・刺された（成人・小児）,かまれた　〔あるいは〕　刺された部位以外の皮膚は冷たいですか？　〔または〕　白いです か？,あなたは救急医です。救急受診が必要かどうかを判断してください。咬まれた・刺された（成人・小児）。かまれたあるいは刺された部位以外の皮膚は冷たいですか？または白いですか？はい。,赤
191,咬まれた・刺された（成人・小児）,汗をかいていますか？,あなたは救急医です。救急受診が必要かどうかを判断してください。咬まれた・刺された（成人・小児）。汗をかいていますか？はい。,赤
192,咬まれた・刺された（成人・小児）,どんどん出血していますか〔または〕出血が続いていますか？,あなたは救急医です。救急受診が必要かどうかを判断してください。咬まれた・刺された（成人・小児）。どんどん出血していますかまたは出血が続いていますか？はい。,赤
193,咬まれた・刺された（成人・小児）,意識がなくなってはいませんか？〔または〕呼びかけにきちんと応答しませんか？,あなたは救急医です。救急受診が必要かどうかを判断してください。咬まれた・刺された（成人・小児）。意識がなくなってはいませんか？または呼びかけにきちんと応答しませんか？はい。,赤
194,咬まれた・刺された（成人・小児）,あばれていますか？,あなたは救急医です。救急受診が必要かどうかを判断してください。咬まれた・刺された（成人・小児）。あばれていますか？はい。,赤
195,咬まれた・刺された（成人・小児）,ハチに口の中を刺されましたか？,あなたは救急医です。救急受診が必要かどうかを判断してください。咬まれた・刺された（成人・小児）。ハチに口の中を刺されましたか？はい。,赤
196,咬まれた・刺された（成人・小児）,サソリに刺されましたか？,あなたは救急医です。救急受診が必要かどうかを判断してください。咬まれた・刺された（成人・小児）。サソリに刺されましたか？はい。,赤
197,咬まれた・刺された（成人・小児）,以前にも同じ動物、昆虫に刺されてひどいアレルギーを起こしたことがありますか？,あなたは救急医です。救急受診が必要かどうかを判断してください。咬まれた・刺された（成人・小児）。以前にも同じ動物、昆虫に刺されてひどいアレルギーを起こしたことがありますか？はい。,赤
198,咬まれた・刺された（成人・小児）,毒蛇（どくへび）にかまれましたか？,あなたは救急医です。救急受診が必要かどうかを判断してください。咬まれた・刺された（成人・小児）。毒蛇（どくへび）にかまれましたか？はい。,赤
199,咬まれた・刺された（成人・小児）,蛇にかまれて、〔かつ〕ぐったりしていていますか？,あなたは救急医です。救急受診が必要かどうかを判断してください。咬まれた・刺された（成人・小児）。蛇にかまれて、かつぐったりしていていますか？はい。,赤
200,咬まれた・刺された（成人・小児）,ヘビにかまれ、かまれた部位以外に　突然の蕁麻疹、発疹、かゆみがみられますか？,あなたは救急医です。救急受診が必要かどうかを判断してください。咬まれた・刺された（成人・小児）。ヘビにかまれ、かまれた部位以外に突然の蕁麻疹、発疹、かゆみがみられますか？はい。,赤
201,咬まれた・刺された（成人・小児）,ヘビにかまれ、かまれた傷の周りに強い痛みと腫れがありますか？,あなたは救急医です。救急受診が必要かどうかを判断してください。咬まれた・刺された（成人・小児）。ヘビにかまれ、かまれた傷の周りに強い痛みと腫れがありますか？はい。,赤
202,咬まれた・刺された（成人・小児）,クラゲなどの海洋生物に刺され、突然、蕁麻疹が出てきましたか？,あなたは救急医です。救急受診が必要かどうかを判断してください。咬まれた・刺された（成人・小児）。クラゲなどの海洋生物に刺され、突然、蕁麻疹が出てきましたか？はい。,赤
203,咬まれた・刺された（成人・小児）,クラゲなどの海洋生物に刺されたが、刺されていない腕、足が突然腫れてきましたか？,あなたは救急医です。救急受診が必要かどうかを判断してください。咬まれた・刺された（成人・小児）。クラゲなどの海洋生物に刺されたが、刺されていない腕、足が突然腫れてきましたか？はい。,赤
204,咬まれた・刺された（成人・小児）,クラゲなどの海洋生物に刺され、痛みのために動くのが困難ですか？,あなたは救急医です。救急受診が必要かどうかを判断してください。咬まれた・刺された（成人・小児）。クラゲなどの海洋生物に刺され、痛みのために動くのが困難ですか？はい。,赤
205,咬まれた・刺された（成人・小児）,ハチなどの昆虫に刺され、刺された場所以外に急に蕁麻疹や赤い斑点、かゆみ、腫れがみられますか？,あなたは救急医です。救急受診が必要かどうかを判断してください。咬まれた・刺された（成人・小児）。ハチなどの昆虫に刺され、刺された場所以外に急に蕁麻疹や赤い斑点、かゆみ、腫れがみられますか？はい。,赤
206,咬まれた・刺された（成人・小児）,ハチなどの昆虫に刺され、筋肉のこわばり、腹痛、不安状態（通常の状態ではない）がみられますか？,あなたは救急医です。救急受診が必要かどうかを判断してください。咬まれた・刺された（成人・小児）。ハチなどの昆虫に刺され、筋肉のこわばり、腹痛、不安状態（通常の状態ではない）がみられますか？はい。,赤
207,咬まれた・刺された（成人・小児）,ハチなどの昆虫に刺され、気持ち悪がったり、吐いたり、おなかがぴくつくようなことはありますか？,あなたは救急医です。救急受診が必要かどうかを判断してください。咬まれた・刺された（成人・小児）。ハチなどの昆虫に刺され、気持ち悪がったり、吐いたり、おなかがぴくつくようなことはありますか？はい。,赤
208,咬まれた・刺された（成人・小児）,ダニにかまれた場合、ダニに対してアレルギー反応を起こしたことがありますか？,あなたは救急医です。救急受診が必要かどうかを判断してください。咬まれた・刺された（成人・小児）。ダニにかまれた場合、ダニに対してアレルギー反応を起こしたことがありますか？はい。,赤
209,やけど（成人・小児）,日焼け以外のやけどの範囲が、背中全体、胸全体、顔全体、両足全体、両手全体 になっていますか？,あなたは救急医です。救急受診が必要かどうかを判断してください。やけど（成人・小児）。日焼け以外のやけどの範囲が、背中全体、胸全体、顔全体、両足全体、両手全体になっていますか？はい。,赤
210,やけど（成人・小児）,呼吸は苦しいですか？,あなたは救急医です。救急受診が必要かどうかを判断してください。やけど（成人・小児）。呼吸は苦しいですか？はい。,赤
211,やけど（成人・小児）,めまい、ふらつきはありますか？　〔または〕　歩けないですか？,あなたは救急医です。救急受診が必要かどうかを判断してください。やけど（成人・小児）。めまい、ふらつきはありますか？または歩けないですか？はい。,赤
212,やけど（成人・小児）, 意識が「ボー」としますか？,あなたは救急医です。救急受診が必要かどうかを判断してください。やけど（成人・小児）。意識が「ボー」としますか？はい。,赤
213,やけど（成人・小児）,煙を吸いましたか？,あなたは救急医です。救急受診が必要かどうかを判断してください。やけど（成人・小児）。煙を吸いましたか？はい。,赤
214,やけど（成人・小児）,喉（のど）の痛み、声がれ（しわがれ声）はありますか？,あなたは救急医です。救急受診が必要かどうかを判断してください。やけど（成人・小児）。喉（のど）の痛み、声がれ（しわがれ声）はありますか？はい。,赤
215,やけど（成人・小児）,顔に煤（すす）はついてますか。鼻毛は焼けて（こげて）いますか？　〔または〕　口の中に 煤はありますか？,あなたは救急医です。救急受診が必要かどうかを判断してください。やけど（成人・小児）。顔に煤（すす）はついてますか。鼻毛は焼けて（こげて）いますか？または口の中に煤はありますか？はい。,赤
216,やけど（成人・小児）,胸がドキドキしていますか？,あなたは救急医です。救急受診が必要かどうかを判断してください。やけど（成人・小児）。胸がドキドキしていますか？はい。,赤
217,やけど（成人・小児）,首、手、足のやけどはぐるりと一周していますか？（日焼け以外）,あなたは救急医です。救急受診が必要かどうかを判断してください。やけど（成人・小児）。首、手、足のやけどはぐるりと一周していますか？（日焼け以外）はい。,赤
218,頭のけが（成人）,意識をなくしましたか？,あなたは救急医です。救急受診が必要かどうかを判断してください。頭のけが（成人）。意識をなくしましたか？はい。,赤
219,頭のけが（成人）, 吐きましたか？　〔または〕　吐き気　がありますか？,あなたは救急医です。救急受診が必要かどうかを判断してください。頭のけが（成人）。吐きましたか？または吐き気がありますか？はい。,赤
220,頭のけが（成人）,手足に力が入らなかったり、しびれたりしますか？,あなたは救急医です。救急受診が必要かどうかを判断してください。頭のけが（成人）。手足に力が入らなかったり、しびれたりしますか？はい。,赤
221,頭のけが（成人）,頭を打ったことを覚えていませんか？,あなたは救急医です。救急受診が必要かどうかを判断してください。頭のけが（成人）。頭を打ったことを覚えていませんか？はい。,赤
222,頭のけが（成人）,変なことを言ったり、反応が悪くなってきましたか？,あなたは救急医です。救急受診が必要かどうかを判断してください。頭のけが（成人）。変なことを言ったり、反応が悪くなってきましたか？はい。,赤
223,頭のけが（成人）,眼が見えにくかったり、二重に見えたりしますか？,あなたは救急医です。救急受診が必要かどうかを判断してください。頭のけが（成人）。眼が見えにくかったり、二重に見えたりしますか？はい。,赤
224,頭のけが（成人）,頭痛がひどくなってきましたか？,あなたは救急医です。救急受診が必要かどうかを判断してください。頭のけが（成人）。頭痛がひどくなってきましたか？はい。,赤
225,頭のけが（成人）,フラフラしていますか？　〔または〕　めまいがありますか？,あなたは救急医です。救急受診が必要かどうかを判断してください。頭のけが（成人）。フラフラしていますか？またはめまいがありますか？はい。,赤
226,頭のけが（成人）,意識がもうろうとしてきましたか？,あなたは救急医です。救急受診が必要かどうかを判断してください。頭のけが（成人）。意識がもうろうとしてきましたか？はい。,赤
227,頭のけが（成人）,元気がないですか？,あなたは救急医です。救急受診が必要かどうかを判断してください。頭のけが（成人）。元気がないですか？はい。,赤
228,頭のけが（成人）,耳（耳の穴）から出血が続いていますか？,あなたは救急医です。救急受診が必要かどうかを判断してください。頭のけが（成人）。耳（耳の穴）から出血が続いていますか？はい。,赤
229,頭のけが（成人）,顔色が悪いですか（まっ青）？,あなたは救急医です。救急受診が必要かどうかを判断してください。頭のけが（成人）。顔色が悪いですか（まっ青）？はい。,赤
230,頭のけが（成人）,痙攣（ひきつけ）がありましたか？,あなたは救急医です。救急受診が必要かどうかを判断してください。頭のけが（成人）。痙攣（ひきつけ）がありましたか？はい。,赤
231,眼のけが（成人・小児）,眼を打った後に急に眼が見えにくくなりましたか？,あなたは救急医です。救急受診が必要かどうかを判断してください。眼のけが（成人・小児）。眼を打った後に急に眼が見えにくくなりましたか？はい。,赤
232,眼のけが（成人・小児）,頭を打った後に急に眼が見えにくくなりましたか？,あなたは救急医です。救急受診が必要かどうかを判断してください。眼のけが（成人・小児）。頭を打った後に急に眼が見えにくくなりましたか？はい。,赤
233,眼のけが（成人・小児）,ものが二重に見えますか？,あなたは救急医です。救急受診が必要かどうかを判断してください。眼のけが（成人・小児）。ものが二重に見えますか？はい。,赤
234,眼のけが（成人・小児）,目が飛び出ましたか？　（目の出かたに左右差がありますか？）,あなたは救急医です。救急受診が必要かどうかを判断してください。眼のけが（成人・小児）。目が飛び出ましたか？（目の出かたに左右差がありますか？）はい。,赤
235,体幹外傷（成人・小児）,胸　〔または〕　おなか　の強い痛みは続いていますか？,あなたは救急医です。救急受診が必要かどうかを判断してください。体幹外傷（成人・小児）。胸またはおなかの強い痛みは続いていますか？はい。,赤
236,体幹外傷（成人・小児）,息切れ　〔または〕　息苦しさ　が感じられますか,あなたは救急医です。救急受診が必要かどうかを判断してください。体幹外傷（成人・小児）。息切れまたは息苦しさが感じられますかはい。,赤
237,体幹外傷（成人・小児）,繰り返して吐いていますか？,あなたは救急医です。救急受診が必要かどうかを判断してください。体幹外傷（成人・小児）。繰り返して吐いていますか？はい。,赤
238,体幹外傷（成人・小児）,吐いたものに血が混じっていますか？,あなたは救急医です。救急受診が必要かどうかを判断してください。体幹外傷（成人・小児）。吐いたものに血が混じっていますか？はい。,赤
239,体幹外傷（成人・小児）,おしりからの出血がありますか？　〔または〕　便に血が混じっていますか？,あなたは救急医です。救急受診が必要かどうかを判断してください。体幹外傷（成人・小児）。おしりからの出血がありますか？または便に血が混じっていますか？はい。,赤
240,体幹外傷（成人・小児）,尿が赤いですか？　〔または〕　血が混じっていますか？,あなたは救急医です。救急受診が必要かどうかを判断してください。体幹外傷（成人・小児）。尿が赤いですか？または血が混じっていますか？はい。,赤
241,体幹外傷（成人・小児）,刃物などが刺さったままですか？,あなたは救急医です。救急受診が必要かどうかを判断してください。体幹外傷（成人・小児）。刃物などが刺さったままですか？はい。,赤
242,体幹外傷（成人・小児）,きずから血や空気が噴き出していますか？　〔または〕　吸い込まれていますか？,あなたは救急医です。救急受診が必要かどうかを判断してください。体幹外傷（成人・小児）。きずから血や空気が噴き出していますか？または吸い込まれていますか？はい。,赤
243,体幹外傷（成人・小児）,きずから内臓が見えますか？　〔または〕　内臓が出ていますか？,あなたは救急医です。救急受診が必要かどうかを判断してください。体幹外傷（成人・小児）。きずから内臓が見えますか？または内臓が出ていますか？はい。,赤
244,体幹外傷（成人・小児）,激しく〔または〕大量の出血が続いていますか？,あなたは救急医です。救急受診が必要かどうかを判断してください。体幹外傷（成人・小児）。激しくまたは大量の出血が続いていますか？はい。,赤
245,体幹外傷（成人・小児）,銃によるきずですか？,あなたは救急医です。救急受診が必要かどうかを判断してください。体幹外傷（成人・小児）。銃によるきずですか？はい。,赤
246,体幹外傷（成人・小児）,胸　〔または〕　おなか　の痛みが強くなっていますか？,あなたは救急医です。救急受診が必要かどうかを判断してください。体幹外傷（成人・小児）。胸またはおなかの痛みが強くなっていますか？はい。,赤
247,手足・顔面の外傷（成人・小児）,変形していますか？,あなたは救急医です。救急受診が必要かどうかを判断してください。手足・顔面の外傷（成人・小児）。変形していますか？はい。,赤
248,手足・顔面の外傷（成人・小児）,身動きができない状態ですか？,あなたは救急医です。救急受診が必要かどうかを判断してください。手足・顔面の外傷（成人・小児）。身動きができない状態ですか？はい。,赤
249,手足・顔面の外傷（成人・小児）,手足が自分で動かせませんか？,あなたは救急医です。救急受診が必要かどうかを判断してください。手足・顔面の外傷（成人・小児）。手足が自分で動かせませんか？はい。,赤
250,手足・顔面の外傷（成人・小児）,激しく〔または〕大量の出血が続いていますか？,あなたは救急医です。救急受診が必要かどうかを判断してください。手足・顔面の外傷（成人・小児）。激しくまたは大量の出血が続いていますか？はい。,赤
251,手足・顔面の外傷（成人・小児）,力が入らない状態ですか？,あなたは救急医です。救急受診が必要かどうかを判断してください。手足・顔面の外傷（成人・小児）。力が入らない状態ですか？はい。,赤
252,手足・顔面の外傷（成人・小児）,手足にしびれがありますか？,あなたは救急医です。救急受診が必要かどうかを判断してください。手足・顔面の外傷（成人・小児）。手足にしびれがありますか？はい。,赤
253,手足・顔面の外傷（成人・小児）,ものが二重に見える状態ですか　〔かつ〕　顔にけがをしていますか？,あなたは救急医です。救急受診が必要かどうかを判断してください。手足・顔面の外傷（成人・小児）。ものが二重に見える状態ですかかつ顔にけがをしていますか？はい。,赤
254,手足・顔面の外傷（成人・小児）,けがをした手足の指先が逆の指と比べて冷たいですか　〔または〕　青ざめていますか？,あなたは救急医です。救急受診が必要かどうかを判断してください。手足・顔面の外傷（成人・小児）。けがをした手足の指先が逆の指と比べて冷たいですかまたは青ざめていますか？はい。,赤
255,何か固形物を飲み込んだ（成人・小児）,いつも通りの息ができていませんか？,あなたは救急医です。救急受診が必要かどうかを判断してください。何か固形物を飲み込んだ（成人・小児）。いつも通りの息ができていませんか？はい。,赤
256,何か固形物を飲み込んだ（成人・小児）,むせていますか？,あなたは救急医です。救急受診が必要かどうかを判断してください。何か固形物を飲み込んだ（成人・小児）。むせていますか？はい。,赤
257,何か固形物を飲み込んだ（成人・小児）,とがったものを飲んだようですか？　（針、釘、びょう、ガラス、錠剤のシートなど）,あなたは救急医です。救急受診が必要かどうかを判断してください。何か固形物を飲み込んだ（成人・小児）。とがったものを飲んだようですか？（針、釘、びょう、ガラス、錠剤のシートなど）はい。,赤
258,何か固形物を飲み込んだ（成人・小児）,喉（のど）〔または〕胸が激しく痛みますか？,あなたは救急医です。救急受診が必要かどうかを判断してください。何か固形物を飲み込んだ（成人・小児）。喉（のど）または胸が激しく痛みますか？はい。,赤
259,何か固形物を飲み込んだ（成人・小児）,喉（のど）から １円玉より大きなもの が取れませんか？,あなたは救急医です。救急受診が必要かどうかを判断してください。何か固形物を飲み込んだ（成人・小児）。喉（のど）から１円玉より大きなものが取れませんか？はい。,赤
260,何か固形物を飲み込んだ（成人・小児）,血を吐きましたか？,あなたは救急医です。救急受診が必要かどうかを判断してください。何か固形物を飲み込んだ（成人・小児）。血を吐きましたか？はい。,赤
261,飲み物ではないものを飲んだ（成人・小児）,いつも通りの息ができていませんか？,あなたは救急医です。救急受診が必要かどうかを判断してください。飲み物ではないものを飲んだ（成人・小児）。いつも通りの息ができていませんか？はい。,赤
262,飲み物ではないものを飲んだ（成人・小児）,唇や口腔内（顔色）、爪が青いですか？激しい嘔吐　〔または〕　下痢　がありますか？,あなたは救急医です。救急受診が必要かどうかを判断してください。飲み物ではないものを飲んだ（成人・小児）。唇や口腔内（顔色）、爪が青いですか？激しい嘔吐または下痢がありますか？はい。,赤
263,飲み物ではないものを飲んだ（成人・小児）,吐き気　〔または〕　嘔吐　がありますか？　（嘔吐による誤嚥を防止する）,あなたは救急医です。救急受診が必要かどうかを判断してください。飲み物ではないものを飲んだ（成人・小児）。吐き気または嘔吐がありますか？（嘔吐による誤嚥を防止する）はい。,赤
264,飲み物ではないものを飲んだ（成人・小児）,喉（のど）が痛みますか？,あなたは救急医です。救急受診が必要かどうかを判断してください。飲み物ではないものを飲んだ（成人・小児）。喉（のど）が痛みますか？はい。,赤
265,飲み物ではないものを飲んだ（成人・小児）,極端に多い汗　〔または〕　よだれ　が出ていますか？,あなたは救急医です。救急受診が必要かどうかを判断してください。飲み物ではないものを飲んだ（成人・小児）。極端に多い汗またはよだれが出ていますか？はい。,赤
266,飲み物ではないものを飲んだ（成人・小児）,唇、舌、肌がただれていますか？　〔または〕　ヒリヒリしますか？,あなたは救急医です。救急受診が必要かどうかを判断してください。飲み物ではないものを飲んだ（成人・小児）。唇、舌、肌がただれていますか？またはヒリヒリしますか？はい。,赤
267,飲み物ではないものを飲んだ（成人・小児）,胸がドキドキしますか？,あなたは救急医です。救急受診が必要かどうかを判断してください。飲み物ではないものを飲んだ（成人・小児）。胸がドキドキしますか？はい。,赤
268,飲み物ではないものを飲んだ（成人・小児）,何を飲んだか不明であり　〔かつ〕　衣服・皮膚から変な臭いがしますか？,あなたは救急医です。救急受診が必要かどうかを判断してください。飲み物ではないものを飲んだ（成人・小児）。何を飲んだか不明でありかつ衣服・皮膚から変な臭いがしますか？はい。,赤
269,飲み物ではないものを飲んだ（成人・小児）,胸　〔または〕　おなか　が痛みますか？,あなたは救急医です。救急受診が必要かどうかを判断してください。飲み物ではないものを飲んだ（成人・小児）。胸またはおなかが痛みますか？はい。,赤
270,飲み物ではないものを飲んだ（成人・小児）,血を吐きましたか？,あなたは救急医です。救急受診が必要かどうかを判断してください。飲み物ではないものを飲んだ（成人・小児）。血を吐きましたか？はい。,赤
271,薬をたくさん飲んだ・間違った薬を飲んだ（成人・小児）,ヒューヒュー、ゼーゼーしていますか？　〔または〕　呼吸が浅い　〔または〕　ゆっくりです か,あなたは救急医です。救急受診が必要かどうかを判断してください。薬をたくさん飲んだ・間違った薬を飲んだ（成人・小児）。ヒューヒュー、ゼーゼーしていますか？または呼吸が浅いまたはゆっくりですかはい。,赤
272,薬をたくさん飲んだ・間違った薬を飲んだ（成人・小児）,胸が痛いですか？,あなたは救急医です。救急受診が必要かどうかを判断してください。薬をたくさん飲んだ・間違った薬を飲んだ（成人・小児）。胸が痛いですか？はい。,赤
273,薬をたくさん飲んだ・間違った薬を飲んだ（成人・小児）,激しくおなかが痛みますか？,あなたは救急医です。救急受診が必要かどうかを判断してください。薬をたくさん飲んだ・間違った薬を飲んだ（成人・小児）。激しくおなかが痛みますか？はい。,赤
274,薬をたくさん飲んだ・間違った薬を飲んだ（成人・小児）,吐き気がありますか？　〔または〕　吐きましたか？,あなたは救急医です。救急受診が必要かどうかを判断してください。薬をたくさん飲んだ・間違った薬を飲んだ（成人・小児）。吐き気がありますか？または吐きましたか？はい。,赤
275,薬をたくさん飲んだ・間違った薬を飲んだ（成人・小児）,自殺が目的でしたか？,あなたは救急医です。救急受診が必要かどうかを判断してください。薬をたくさん飲んだ・間違った薬を飲んだ（成人・小児）。自殺が目的でしたか？はい。,赤
276,薬をたくさん飲んだ・間違った薬を飲んだ（成人・小児）,飲酒しましたか？,あなたは救急医です。救急受診が必要かどうかを判断してください。薬をたくさん飲んだ・間違った薬を飲んだ（成人・小児）。飲酒しましたか？はい。,赤
277,熱中症（成人・小児）,意識がなくなりましたか？,あなたは救急医です。救急受診が必要かどうかを判断してください。熱中症（成人・小児）。意識がなくなりましたか？はい。,赤
278,熱中症（成人・小児）,うまく動けませんか？〔または〕麻痺がありますか？,あなたは救急医です。救急受診が必要かどうかを判断してください。熱中症（成人・小児）。うまく動けませんか？または麻痺がありますか？はい。,赤
279,熱中症（成人・小児）,変なことを言う　〔または〕　どこにいるかわからない　〔または〕　あばれている、というこ とがありますか？,あなたは救急医です。救急受診が必要かどうかを判断してください。熱中症（成人・小児）。変なことを言うまたはどこにいるかわからないまたはあばれている、ということがありますか？はい。,赤
280,熱中症（成人・小児）,"熱がありそう　〔かつ〕　汗をかいていますか？（かいていなければ「赤」）
＊「はい」以外の回答を入力「熱がありそう　〔かつ〕　汗をかいていますか？熱はありそうで汗はかいていない。」",あなたは救急医です。救急受診が必要かどうかを判断してください。熱中症（成人・小児）。熱がありそう。汗をかいていますか？いいえ。,赤
281,熱中症（成人・小児）,熱がありそう　〔かつ〕　ふらついていますか？,あなたは救急医です。救急受診が必要かどうかを判断してください。熱中症（成人・小児）。熱がありそうかつふらついていますか？はい。,赤
282,熱中症（成人・小児）,熱がありそう　〔かつ〕　視野障害がありますか？,あなたは救急医です。救急受診が必要かどうかを判断してください。熱中症（成人・小児）。熱がありそうかつ視野障害がありますか？はい。,赤
283,熱中症（成人・小児）,熱がありそう　〔かつ〕　皮膚が赤いですか？,あなたは救急医です。救急受診が必要かどうかを判断してください。熱中症（成人・小児）。熱がありそうかつ皮膚が赤いですか？はい。,赤
284,小児 発熱（小児）,意識がもうろうとしていますか？〔または〕おかしなことを口走っていますか？（声をかけても ふつうに受け答えできない）,あなたは救急医です。救急受診が必要かどうかを判断してください。小児発熱（小児）。意識がもうろうとしていますか？またはおかしなことを口走っていますか？（声をかけてもふつうに受け答えできない）はい。,赤
285,小児 発熱（小児）,興奮していますか？〔または〕あばれていますか？ （声をかけても ふつうに受け答えできない）,あなたは救急医です。救急受診が必要かどうかを判断してください。小児発熱（小児）。興奮していますか？またはあばれていますか？（声をかけてもふつうに受け答えできない）はい。,赤
286,小児 痙攣（ひきつけ）・震え（小児）,痙攣はまだ続いていますか？,あなたは救急医です。救急受診が必要かどうかを判断してください。小児痙攣（ひきつけ）・震え（小児）。痙攣はまだ続いていますか？はい。,赤
287,小児 痙攣（ひきつけ）・震え（小児）,"痙攣が収まってからも、意識が戻らないままですか？ 〔または〕様子がおかしいですか？
（声をかけてもふつうに受け答えできない）",あなたは救急医です。救急受診が必要かどうかを判断してください。小児痙攣（ひきつけ）・震え（小児）。痙攣が収まってからも、意識が戻らないままですか？または様子がおかしいですか？（声をかけてもふつうに受け答えできない）はい。,赤
288,小児 痙攣（ひきつけ）・震え（小児）,痙攣が収まってからも、顔や唇の色が紫色のままですか？,あなたは救急医です。救急受診が必要かどうかを判断してください。小児痙攣（ひきつけ）・震え（小児）。痙攣が収まってからも、顔や唇の色が紫色のままですか？はい。,赤
289,小児 痙攣（ひきつけ）・震え（小児）,最近 頭を強くぶつけたことがありましたかか？,あなたは救急医です。救急受診が必要かどうかを判断してください。小児痙攣（ひきつけ）・震え（小児）。最近頭を強くぶつけたことがありましたかか？はい。,赤
290,小児 咳（小児）,唇の色が紫色ですか？（Q6 の再確認）,あなたは救急医です。救急受診が必要かどうかを判断してください。小児咳（小児）。唇の色が紫色ですか？（Q6の再確認）はい。,赤
291,小児 咳（小児）,浅い〔または〕苦しそうな　呼吸をしていますか？,あなたは救急医です。救急受診が必要かどうかを判断してください。小児咳（小児）。浅いまたは苦しそうな呼吸をしていますか？はい。,赤
292,小児 咳（小児）,咳が始まる前に口に何か食べて　〔または〕　口にくわえていましたか？,あなたは救急医です。救急受診が必要かどうかを判断してください。小児咳（小児）。咳が始まる前に口に何か食べてまたは口にくわえていましたか？はい。,赤
293,小児 咳（小児）,声がかすれてほとんど聞こえない　〔または〕　話ができない　状態ですか？,あなたは救急医です。救急受診が必要かどうかを判断してください。小児咳（小児）。声がかすれてほとんど聞こえないまたは話ができない状態ですか？はい。,赤
294,小児 咳（小児）,咳がひどくて 横になれないですか？　〔または〕　歩けませんか？　〔または〕　会話できませんか？,あなたは救急医です。救急受診が必要かどうかを判断してください。小児咳（小児）。咳がひどくて横になれないですか？または歩けませんか？または会話できませんか？はい。,赤
295,小児 咳（小児）,咳とともに多量の出血（喀血）がありましたか？,あなたは救急医です。救急受診が必要かどうかを判断してください。小児咳（小児）。咳とともに多量の出血（喀血）がありましたか？はい。,赤
296,小児 喘息・喘息様症状（小児）,息が苦しくて 横になれないですか？〔または〕歩けませんか？〔または〕会話できませんか？,あなたは救急医です。救急受診が必要かどうかを判断してください。小児喘息・喘息様症状（小児）。息が苦しくて横になれないですか？または歩けませんか？または会話できませんか？はい。,赤
297,小児 喘息・喘息様症状（小児）,顔色や唇の色が紫色ですか？,あなたは救急医です。救急受診が必要かどうかを判断してください。小児喘息・喘息様症状（小児）。顔色や唇の色が紫色ですか？はい。,赤
298,小児 喘息・喘息様症状（小児）,何か変なものを吸い込みましたか？〔または〕その可能性がありますか？,あなたは救急医です。救急受診が必要かどうかを判断してください。小児喘息・喘息様症状（小児）。何か変なものを吸い込みましたか？またはその可能性がありますか？はい。,赤
299,小児 喘息・喘息様症状（小児）,咳が始まる前に口に何か食べて　〔または〕　口にくわえていましたか？,あなたは救急医です。救急受診が必要かどうかを判断してください。小児喘息・喘息様症状（小児）。咳が始まる前に口に何か食べてまたは口にくわえていましたか？はい。,赤
300,小児 喘息・喘息様症状（小児）,咳とともに多量の出血（喀血）がありましたか？,あなたは救急医です。救急受診が必要かどうかを判断してください。小児喘息・喘息様症状（小児）。咳とともに多量の出血（喀血）がありましたか？はい。,赤
301,小児 呼吸苦（小児）,きちんと呼吸できない状態ですか？,あなたは救急医です。救急受診が必要かどうかを判断してください。小児呼吸苦（小児）。きちんと呼吸できない状態ですか？はい。,赤
302,小児 呼吸苦（小児）,顔色や唇の色が紫色ですか？,あなたは救急医です。救急受診が必要かどうかを判断してください。小児呼吸苦（小児）。顔色や唇の色が紫色ですか？はい。,赤
303,小児 呼吸苦（小児）,意識がないようですか？　受け答えができない / 呼びかけに反応しない状態ですか？,あなたは救急医です。救急受診が必要かどうかを判断してください。小児呼吸苦（小児）。意識がないようですか？受け答えができない/呼びかけに反応しない状態ですか？はい。,赤
304,小児 呼吸苦（小児）,咳がひどくて 横になれないですか？　〔または〕　歩けませんか？　〔または〕　会話できませんか？,あなたは救急医です。救急受診が必要かどうかを判断してください。小児呼吸苦（小児）。咳がひどくて横になれないですか？または歩けませんか？または会話できませんか？はい。,赤
305,小児 呼吸苦（小児）,盛り上がった発疹があり　〔かつ〕　かゆがっていますか？,あなたは救急医です。救急受診が必要かどうかを判断してください。小児呼吸苦（小児）。盛り上がった発疹がありかつかゆがっていますか？はい。,赤
306,小児 呼吸苦（小児）,"咳が始まる前に口に何か食べて　〔または〕　口にくわえていましたか？
（ピーナッツや大豆などの豆類などを含む）",あなたは救急医です。救急受診が必要かどうかを判断してください。小児呼吸苦（小児）。咳が始まる前に口に何か食べてまたは口にくわえていましたか？（ピーナッツや大豆などの豆類などを含む）はい。,赤
307,小児 発疹（小児）,眼の周りや顔が腫れてきましたか？（重度の顔面、顔周囲の浮腫）,あなたは救急医です。救急受診が必要かどうかを判断してください。小児発疹（小児）。眼の周りや顔が腫れてきましたか？（重度の顔面、顔周囲の浮腫）はい。,赤
308,小児 発疹（小児）,呼吸が苦しい　〔または〕　声がかすれる　〔または〕　咳はありますか？（咽頭・喉頭浮腫）,あなたは救急医です。救急受診が必要かどうかを判断してください。小児発疹（小児）。呼吸が苦しいまたは声がかすれるまたは咳はありますか？（咽頭・喉頭浮腫）はい。,赤
309,小児 発疹（小児）,今までにひどいアレルギー症状が出たことがありますか？,あなたは救急医です。救急受診が必要かどうかを判断してください。小児発疹（小児）。今までにひどいアレルギー症状が出たことがありますか？はい。,赤
310,小児 発疹（小児）,急に口の中や舌が腫れてきましたか？（突然の口腔･舌の腫脹）,あなたは救急医です。救急受診が必要かどうかを判断してください。小児発疹（小児）。急に口の中や舌が腫れてきましたか？（突然の口腔･舌の腫脹）はい。,赤
311,小児 発疹（小児）,赤～紫色の点々（出血斑）が下肢その他にたくさんみられますか？　〔または〕　透明なガラスで皮膚を押しても点々が消えませんか？,あなたは救急医です。救急受診が必要かどうかを判断してください。小児発疹（小児）。赤～紫色の点々（出血斑）が下肢その他にたくさんみられますか？または透明なガラスで皮膚を押しても点々が消えませんか？はい。,赤
312,小児 吐き気･吐いた（小児）,無表情でウトウトしていますか？〔または〕元気なくぐたりしていますか？,あなたは救急医です。救急受診が必要かどうかを判断してください。小児吐き気･吐いた（小児）。無表情でウトウトしていますか？または元気なくぐたりしていますか？はい。,赤
313,小児 吐き気･吐いた（小児）,強いおなかの痛み（腹痛）がありますか？,あなたは救急医です。救急受診が必要かどうかを判断してください。小児吐き気･吐いた（小児）。強いおなかの痛み（腹痛）がありますか？はい。,赤
314,小児 吐き気･吐いた（小児）,頭を激しく痛がっていますか？,あなたは救急医です。救急受診が必要かどうかを判断してください。小児吐き気･吐いた（小児）。頭を激しく痛がっていますか？はい。,赤
315,小児 吐き気･吐いた（小児）,便に血液またはイチゴゼリー様のものが混じっていますか？,あなたは救急医です。救急受診が必要かどうかを判断してください。小児吐き気･吐いた（小児）。便に血液またはイチゴゼリー様のものが混じっていますか？はい。,赤
316,小児 吐き気･吐いた（小児）,おなかがパンパンに張っていますか？,あなたは救急医です。救急受診が必要かどうかを判断してください。小児吐き気･吐いた（小児）。おなかがパンパンに張っていますか？はい。,赤
317,小児 下痢（小児）,便と一緒にたくさんの血が混じっていますか？　〔または〕　便にイチゴゼリー様のものが混じっていますか？,あなたは救急医です。救急受診が必要かどうかを判断してください。小児下痢（小児）。便と一緒にたくさんの血が混じっていますか？または便にイチゴゼリー様のものが混じっていますか？はい。,赤
318,小児 腹痛（小児）,元気がなく〔かつ〕ぐったりしていますか？,あなたは救急医です。救急受診が必要かどうかを判断してください。小児腹痛（小児）。元気がなくかつぐったりしていますか？はい。,赤
319,小児 腹痛（小児）,意識がもうろうとしていますか？　〔または〕　おかしなことを口走っていますか？　〔または〕　激しく泣いたり あばれたりしていますか？,あなたは救急医です。救急受診が必要かどうかを判断してください。小児腹痛（小児）。意識がもうろうとしていますか？またはおかしなことを口走っていますか？または激しく泣いたりあばれたりしていますか？はい。,赤
320,小児 腹痛（小児）,おなかがパンパンに張っていますか？,あなたは救急医です。救急受診が必要かどうかを判断してください。小児腹痛（小児）。おなかがパンパンに張っていますか？はい。,赤
321,小児 腹痛（小児）,おまた（股の付け根、陰嚢など）が膨らんでいますか？,あなたは救急医です。救急受診が必要かどうかを判断してください。小児腹痛（小児）。おまた（股の付け根、陰嚢など）が膨らんでいますか？はい。,赤
322,小児 腹痛（小児）,便にたくさんの血が混じっていますか？　〔または〕　便にイチゴゼリー様のものが混じっていますか？,あなたは救急医です。救急受診が必要かどうかを判断してください。小児腹痛（小児）。便にたくさんの血が混じっていますか？または便にイチゴゼリー様のものが混じっていますか？はい。,赤
323,小児 便秘（小児）,おなかがパンパンに張っていますか？,あなたは救急医です。救急受診が必要かどうかを判断してください。小児便秘（小児）。おなかがパンパンに張っていますか？はい。,赤
324,小児 便秘（小児）,激しい痛みがありますか〔または〕ひどく痛いようですか?〔または〕激しく泣きますか？（とくに乳幼児）,あなたは救急医です。救急受診が必要かどうかを判断してください。小児便秘（小児）。激しい痛みがありますかまたはひどく痛いようですか?または激しく泣きますか？（とくに乳幼児）はい。,赤
325,小児 便秘（小児）,便にたくさんの血液が混じっていますか？〔または〕便にイチゴゼリー様のものが混じっていますか？,あなたは救急医です。救急受診が必要かどうかを判断してください。小児便秘（小児）。便にたくさんの血液が混じっていますか？または便にイチゴゼリー様のものが混じっていますか？はい。,赤
326,小児 便の色の異常（小児）,便にたくさんの血が混じっていますか？〔または〕便にイチゴゼリー様のようなものが混じっていますか？,あなたは救急医です。救急受診が必要かどうかを判断してください。小児便の色の異常（小児）。便にたくさんの血が混じっていますか？または便にイチゴゼリー様のようなものが混じっていますか？はい。,赤
327,小児 便の色の異常（小児）,元気がなく〔かつ〕ぐったりしていますか？,あなたは救急医です。救急受診が必要かどうかを判断してください。小児便の色の異常（小児）。元気がなくかつぐったりしていますか？はい。,赤
328,小児 頭痛（小児）,叫ぶほど痛がりますか？,あなたは救急医です。救急受診が必要かどうかを判断してください。小児頭痛（小児）。叫ぶほど痛がりますか？はい。,赤
329,小児 頭痛（小児）,痙攣していますか？,あなたは救急医です。救急受診が必要かどうかを判断してください。小児頭痛（小児）。痙攣していますか？はい。,赤
330,小児 頭痛（小児）,"意識がもうろうとしていますか？〔または〕おかしなことを口走っていますか？
（声をかけても ふつうに受け答えできない）",あなたは救急医です。救急受診が必要かどうかを判断してください。小児頭痛（小児）。意識がもうろうとしていますか？またはおかしなことを口走っていますか？（声をかけてもふつうに受け答えできない）はい。,赤
331,小児 啼泣（小児）,便にたくさんの血が混じっていますか？〔または〕イチゴゼリー様のものが混じっていますか？,あなたは救急医です。救急受診が必要かどうかを判断してください。小児啼泣（小児）。便にたくさんの血が混じっていますか？またはイチゴゼリー様のものが混じっていますか？はい。,赤
332,小児 頭のけが・首のけが（小児）,痙攣しましたか?,あなたは救急医です。救急受診が必要かどうかを判断してください。小児頭のけが・首のけが（小児）。痙攣しましたか?はい。,赤
333,小児 頭のけが・首のけが（小児）,意識がもうろうとしていますか？〔または〕おかしなことを口走っていますか？（声をかけても ふつうに受け答えできない）,あなたは救急医です。救急受診が必要かどうかを判断してください。小児頭のけが・首のけが（小児）。意識がもうろうとしていますか？またはおかしなことを口走っていますか？（声をかけてもふつうに受け答えできない）はい。,赤
334,小児 頭のけが・首のけが（小児）,手足で動きにくいところがありますか？ 〔または〕腕の上がり具合に左右差がありますか？〔または〕しびれがありますか？,あなたは救急医です。救急受診が必要かどうかを判断してください。小児頭のけが・首のけが（小児）。手足で動きにくいところがありますか？または腕の上がり具合に左右差がありますか？またはしびれがありますか？はい。,赤
335,小児 頭のけが・首のけが（小児）,サラサラした液体（髄液の可能性）が鼻〔または〕耳からポタポタと出ていますか？,あなたは救急医です。救急受診が必要かどうかを判断してください。小児頭のけが・首のけが（小児）。サラサラした液体（髄液の可能性）が鼻または耳からポタポタと出ていますか？はい。,赤
336,小児 頭のけが・首のけが（小児）,頭〔または〕耳〔または〕鼻からの出血が多いですか（押さえても止まらないですか）？,あなたは救急医です。救急受診が必要かどうかを判断してください。小児頭のけが・首のけが（小児）。頭または耳または鼻からの出血が多いですか（押さえても止まらないですか）？はい。,赤
337,小児 頭のけが・首のけが（小児）,興奮している〔または〕起こせば起きるがグッタリしていますか？,あなたは救急医です。救急受診が必要かどうかを判断してください。小児頭のけが・首のけが（小児）。興奮しているまたは起こせば起きるがグッタリしていますか？はい。,赤
338,小児 頭のけが・首のけが（小児）,眼が見えにくかったり、ものが二重に見えたりしますか？,あなたは救急医です。救急受診が必要かどうかを判断してください。小児頭のけが・首のけが（小児）。眼が見えにくかったり、ものが二重に見えたりしますか？はい。,赤
339,息が苦しい（成人）,指や顔がしびれたり、ピリピリしたりしますか？,あなたは救急医です。救急受診が必要かどうかを判断してください。息が苦しい（成人）。指や顔がしびれたり、ピリピリしたりしますか？はい。,緑
340,息が苦しい（成人）,最近ストレスが多いですか？,あなたは救急医です。救急受診が必要かどうかを判断してください。息が苦しい（成人）。最近ストレスが多いですか？はい。,緑
341,息が苦しい（成人）,風邪のような症状（発熱・寒気・頭痛・咳・鼻水など）はありますか？,あなたは救急医です。救急受診が必要かどうかを判断してください。息が苦しい（成人）。風邪のような症状（発熱・寒気・頭痛・咳・鼻水など）はありますか？はい。,緑
342,呼吸がゼーゼーする（成人）,"横になると息苦しいですか？〔または〕（苦しくて）座らないと息ができませんか？ 
胸の痛みがありますか？ 
突然（2 時間以内が目安）始まりましたか？ 
何か変なものを吸い込みましたか？　〔または〕その可能性がありますか？ 
泡（あわ）状のピンク色〔または〕白い痰（たん）がたくさん出ますか？ 
喘息（ぜんそく）はありますか？ 
咳〔または〕黄色や緑色の痰（たん）が出ていますか？ 
アレルギーはありますか？ 
慢性心不全〔または〕心臓の病気〔または〕肺塞栓〔または〕下肢（あし）の血栓〔または〕腎臓の病気　はありますか？ 
このような症状は以前にもありましたか？ 
発熱（38℃以上）はありますか？以上の項目に当てはまらないとき",あなたは救急医です。救急受診が必要かどうかを判断してください。呼吸がゼーゼーする（成人）。以下の項目には当てはまりません。横になると息苦しいですか？または（苦しくて）座らないと息ができませんか？胸の痛みがありますか？突然（2時間以内が目安）始まりましたか？何か変なものを吸い込みましたか？またはその可能性がありますか？泡（あわ）状のピンク色または白い痰（たん）がたくさん出ますか？喘息（ぜんそく）はありますか？咳または黄色や緑色の痰（たん）が出ていますか？アレルギーはありますか？慢性心不全または心臓の病気または肺塞栓または下肢（あし）の血栓または腎臓の病気はありますか？このような症状は以前にもありましたか？発熱（38℃以上）はありますか？,緑
343,ぜんそく発作（成人）,"横になると息苦しいですか？〔または〕（苦しくて）座らないと息ができませんか？
（手持ちの）薬を使ってもまだ苦しいですか〔または〕苦しさがとれないですか？ 
喉（のど）の痛み〔または〕風邪のような症状（発熱・寒気・頭痛・咳・鼻水など）はあり
ますか？ 
ステロイドを飲んでいますか？〔または〕吸入薬を使っていますか？ 
吐いた後〔または〕むせた後に症状が出ましたか？ 
頻繁に〔または〕何度か喘息（ぜんそく）で入院したことがありますか？ 
集中治療室で治療を受けたことがありますか？ 
最近処方された薬は効かないですか？ 
黄色や緑色の痰（たん）が出ていますか？ 
以上の項目にあてはまらないとき",あなたは救急医です。救急受診が必要かどうかを判断してください。ぜんそく発作（成人）。以下の項目には当てはまりません。横になると息苦しいですか？または（苦しくて）座らないと息ができませんか？（手持ちの）薬を使ってもまだ苦しいですかまたは苦しさがとれないですか？喉（のど）の痛みまたは風邪のような症状（発熱・寒気・頭痛・咳・鼻水など）はありますか？ステロイドを飲んでいますか？または吸入薬を使っていますか？吐いた後またはむせた後に症状が出ましたか？頻繁にまたは何度か喘息（ぜんそく）で入院したことがありますか？集中治療室で治療を受けたことがありますか？最近処方された薬は効かないですか？黄色や緑色の痰（たん）が出ていますか？,緑
344,動悸（成人・小児）,頻脈（脈が速い状態）の治療を受けたことがありますか？,あなたは救急医です。救急受診が必要かどうかを判断してください。動悸（成人・小児）。頻脈（脈が速い状態）の治療を受けたことがありますか？はい。,緑
345,動悸（成人・小児）,最近、以下のいずれかの薬をのみましたか？：利尿薬、ダイエット薬、うっ血の改善薬、風邪薬,あなたは救急医です。救急受診が必要かどうかを判断してください。動悸（成人・小児）。最近、以下のいずれかの薬をのみましたか？：利尿薬、ダイエット薬、うっ血の改善薬、風邪薬はい。,緑
346,動悸（成人・小児）,喘息（ぜんそく）の持病があり〔かつ〕最近新しいのみ薬の処方〔または〕のみ薬の増量がありましたか？,あなたは救急医です。救急受診が必要かどうかを判断してください。動悸（成人・小児）。喘息（ぜんそく）の持病がありかつ最近新しいのみ薬の処方またはのみ薬の増量がありましたか？はい。,緑
347,動悸（成人・小児）,発熱（38℃以上）はありますか？,あなたは救急医です。救急受診が必要かどうかを判断してください。動悸（成人・小児）。発熱（38℃以上）はありますか？はい。,緑
348,動悸（成人・小児）,30 分以内に運動しましたか？,あなたは救急医です。救急受診が必要かどうかを判断してください。動悸（成人・小児）。30分以内に運動しましたか？はい。,緑
349,動悸（成人・小児）,疲労感がありますか？,あなたは救急医です。救急受診が必要かどうかを判断してください。動悸（成人・小児）。疲労感がありますか？はい。,緑
350,動悸（成人・小児）,不眠がありますか？,あなたは救急医です。救急受診が必要かどうかを判断してください。動悸（成人・小児）。不眠がありますか？はい。,緑
351,動悸（成人・小児）,最近ストレスが増えましたか？,あなたは救急医です。救急受診が必要かどうかを判断してください。動悸（成人・小児）。最近ストレスが増えましたか？はい。,緑
352,動悸（成人・小児）,カフェイン、タバコ、アルコール、漢方の興奮薬のいずれかを過量に服用しましたか？,あなたは救急医です。救急受診が必要かどうかを判断してください。動悸（成人・小児）。カフェイン、タバコ、アルコール、漢方の興奮薬のいずれかを過量に服用しましたか？はい。,緑
353,頭痛（成人）,日頃から飲んでいる頭痛薬が切れましたか？〔または〕お手もとに頭痛薬（市販も含む）はありませんか？,あなたは救急医です。救急受診が必要かどうかを判断してください。頭痛（成人）。日頃から飲んでいる頭痛薬が切れましたか？またはお手もとに頭痛薬（市販も含む）はありませんか？はい。,緑
354,胸が痛い（成人・小児）,"痛みは突然ですか？痛みの程度は変わりませんか？ 
頸部（首）〔または〕あご〔または〕肩甲骨〔または〕背中〔または〕上肢（腕）に痛みが広がっていますか？ 
息切れ〔または〕めまい〔または〕脱力感（力が入らない）がありますか？ 
手足が冷たい〔または〕湿っている（じっとりしていますか）？
吐きましたか？〔または〕吐き気　がありますか？ 
安静にしても胸が痛いですか？ 
動悸（ドキドキする感じ）〔または〕脈がとぶ感じ　がありますか？ 
処方されている薬（ニトログリセリン、フランドルテープなど）を使っても胸痛がおさまらないですか？ 
長く座りっぱなし〔または〕長時間同じ姿勢でしたか？〔または〕旅行などの後ですか？ 
心臓の病気にかかったことがありますか？〔または〕いつもの発作と違いますか？ 
急に足首が腫れてきましたか？ 
血の混じった痰（たん）が出てきましたか？ 
けがをしたり、事故にあったりしましたか？
妊娠、出産、手術、血液の病気（血液凝固異常）のいずれかを経験したことや指摘されたことがありますか？ 
ピル（避妊薬）を飲んでいますか？ 
足の痛み、腫れ、むくみ、赤味、熱っぽい感じのいずれかがありますか？ 
深呼吸〔または〕咳によって痛みますか？ 
発熱（38℃以上）はありますか？ 
咳〔または〕黄色や緑色の痰（たん）が出ていますか？ 
最近けがをして、体を動かすと痛みが増しますか？ 
その場所を押すと痛みが出現しますか？ 
痛みの部分がはっきりしていますか？ 
以上の項目に当てはまらないとき",あなたは救急医です。救急受診が必要かどうかを判断してください。胸が痛い（成人・小児）。以下の項目には当てはまりません。痛みは突然ですか？痛みの程度は変わりませんか？頸部（首）またはあごまたは肩甲骨または背中または上肢（腕）に痛みが広がっていますか？息切れまたはめまいまたは脱力感（力が入らない）がありますか？手足が冷たいまたは湿っている（じっとりしていますか）？吐きましたか？または吐き気がありますか？安静にしても胸が痛いですか？動悸（ドキドキする感じ）または脈がとぶ感じがありますか？処方されている薬（ニトログリセリン、フランドルテープなど）を使っても胸痛がおさまらないですか？長く座りっぱなしまたは長時間同じ姿勢でしたか？または旅行などの後ですか？心臓の病気にかかったことがありますか？またはいつもの発作と違いますか？急に足首が腫れてきましたか？血の混じった痰（たん）が出てきましたか？けがをしたり、事故にあったりしましたか？妊娠、出産、手術、血液の病気（血液凝固異常）のいずれかを経験したことや指摘されたことがありますか？ピル（避妊薬）を飲んでいますか？足の痛み、腫れ、むくみ、赤味、熱っぽい感じのいずれかがありますか？深呼吸または咳によって痛みますか？発熱（38℃以上）はありますか？咳または黄色や緑色の痰（たん）が出ていますか？最近けがをして、体を動かすと痛みが増しますか？その場所を押すと痛みが出現しますか？痛みの部分がはっきりしていますか？,緑
355,背中が痛い（成人）,慢性の背部痛、背部の何らかの手術、腎結石、腎疾患のいずれかの持病がありますか？,あなたは救急医です。救急受診が必要かどうかを判断してください。背中が痛い（成人）。慢性の背部痛、背部の何らかの手術、腎結石、腎疾患のいずれかの持病がありますか？はい。,緑
356,ろれつが回らない（成人）,風邪のような症状（発熱・寒気・頭痛・咳・鼻水など）はありますか？,あなたは救急医です。救急受診が必要かどうかを判断してください。ろれつが回らない（成人）。風邪のような症状（発熱・寒気・頭痛・咳・鼻水など）はありますか？はい。,緑
357,ろれつが回らない（成人）,以前の状態と同じですか？　〔または〕　ひどくなる様子がありますか？,あなたは救急医です。救急受診が必要かどうかを判断してください。ろれつが回らない（成人）。以前の状態と同じですか？またはひどくなる様子がありますか？はい。,緑
358,腰痛（成人）,もともと腰痛もちでしたか？〔または〕腰の手術後ですか？,あなたは救急医です。救急受診が必要かどうかを判断してください。腰痛（成人）。もともと腰痛（成人）もちでしたか？または腰の手術後ですか？はい。,緑
359,腰痛（成人）,軽い痛みで自分で移動できますか？〔または〕我慢できますか？,あなたは救急医です。救急受診が必要かどうかを判断してください。腰痛（成人）。軽い痛みで自分で移動できますか？または我慢できますか？はい。,緑
360,風邪をひいた（成人）,膿のような痰（たん）、黄色や緑色の痰（たん）が出ますか？,あなたは救急医です。救急受診が必要かどうかを判断してください。風邪をひいた（成人）。膿のような痰（たん）、黄色や緑色の痰（たん）が出ますか？はい。,緑
361,風邪をひいた（成人）,血が混じった痰（たん）はありますか？,あなたは救急医です。救急受診が必要かどうかを判断してください。風邪をひいた（成人）。血が混じった痰（たん）はありますか？はい。,緑
362,風邪をひいた（成人）,鼻水は大量ですか？,あなたは救急医です。救急受診が必要かどうかを判断してください。風邪をひいた（成人）。鼻水は大量ですか？はい。,緑
363,発熱（成人）,尿をするときに痛みがありますか？,あなたは救急医です。救急受診が必要かどうかを判断してください。発熱（成人）。尿をするときに痛みがありますか？はい。,緑
364,発熱（成人）,耳の痛みはありますか？,あなたは救急医です。救急受診が必要かどうかを判断してください。発熱（成人）。耳の痛みはありますか？はい。,緑
365,発熱（成人）,（ 女性のみ）　腟（陰部）の痛み〔または〕おりものがありますか？,あなたは救急医です。救急受診が必要かどうかを判断してください。発熱（成人）。（女性のみ）腟（陰部）の痛みまたはおりものがありますか？はい。,緑
366,発疹（成人）,予防接種後やきずの処置部の発赤ですか？,あなたは救急医です。救急受診が必要かどうかを判断してください。発疹（成人）。予防接種後やきずの処置部の発赤ですか？はい。,緑
367,発疹（成人）,植物に触れた所　〔または〕　アクセサリー接触部　の発疹がありますか？,あなたは救急医です。救急受診が必要かどうかを判断してください。発疹（成人）。植物に触れた所またはアクセサリー接触部の発疹がありますか？はい。,緑
368,発疹（成人）,眼　〔または〕　口の周囲の発疹がありますか？,あなたは救急医です。救急受診が必要かどうかを判断してください。発疹（成人）。眼または口の周囲の発疹がありますか？はい。,緑
369,発疹（成人）,家族や同居人にも同様の症状がありますか？,あなたは救急医です。救急受診が必要かどうかを判断してください。発疹（成人）。家族や同居人にも同様の症状がありますか？はい。,緑
370,のどが痛い（成人）,リウマチ熱にかかったことや、心臓の弁の病気（弁膜症）がありますか？ ,あなたは救急医です。救急受診が必要かどうかを判断してください。のどが痛い（成人）。リウマチ熱にかかったことや、心臓の弁の病気（弁膜症）がありますか？はい。,緑
371,のどが痛い（成人）,皮膚のどこかに斑点のようなもの（皮疹）がありますか？,あなたは救急医です。救急受診が必要かどうかを判断してください。のどが痛い（成人）。皮膚のどこかに斑点のようなもの（皮疹）がありますか？はい。,緑
372,のどが痛い（成人）,発熱（38℃以上）がありますか？　〔または〕　解熱薬を使っても熱は下がりませんか？,あなたは救急医です。救急受診が必要かどうかを判断してください。のどが痛い（成人）。発熱（38℃以上）がありますか？または解熱薬を使っても熱は下がりませんか？はい。,緑
373,のどが痛い（成人）,最近 （2 週間程度） 、周りに同じような症状の人はいましたか？,あなたは救急医です。救急受診が必要かどうかを判断してください。のどが痛い（成人）。最近（2週間程度）、周りに同じような症状の人はいましたか？はい。,緑
374,のどが痛い（成人）,扁桃腺が大きくなっていたり、赤くなっていたりしませんか？,あなたは救急医です。救急受診が必要かどうかを判断してください。のどが痛い（成人）。扁桃腺が大きくなっていたり、赤くなっていたりしませんか？はい。,緑
375,のどが痛い（成人）,喉（のど）の痛みは3 日以上続いていますか？,あなたは救急医です。救急受診が必要かどうかを判断してください。のどが痛い（成人）。喉（のど）の痛みは3日以上続いていますか？はい。,緑
376,のどが痛い（成人）,息はいつもよりも臭いですか？,あなたは救急医です。救急受診が必要かどうかを判断してください。のどが痛い（成人）。息はいつもよりも臭いですか？はい。,緑
377,のどが痛い（成人）,耳の痛みはありますか？,あなたは救急医です。救急受診が必要かどうかを判断してください。のどが痛い（成人）。耳の痛みはありますか？はい。,緑
378,腹痛（成人）,同様の腹痛がよく起こりますか/ 同じような痛みがよく起こりますか？,あなたは救急医です。救急受診が必要かどうかを判断してください。腹痛（成人）。同様の腹痛がよく起こりますか/同じような痛みがよく起こりますか？はい。,緑
379,便秘（成人）,もともと便秘症ですか？,あなたは救急医です。救急受診が必要かどうかを判断してください。便秘（成人）。もともと便秘症ですか？はい。,緑
380,便秘（成人）,最近、おなかの手術やけがを経験していますか？,あなたは救急医です。救急受診が必要かどうかを判断してください。便秘（成人）。最近、おなかの手術やけがを経験していますか？はい。,緑
381,便秘（成人）,普段は寝たきりの状態ですか？,あなたは救急医です。救急受診が必要かどうかを判断してください。便秘（成人）。普段は寝たきりの状態ですか？はい。,緑
382,下痢（成人）,熱が出ていますか？,あなたは救急医です。救急受診が必要かどうかを判断してください。下痢（成人）。熱が出ていますか？はい。,緑
383,下痢（成人）,1 週間以内に海外旅行をしましたか？,あなたは救急医です。救急受診が必要かどうかを判断してください。下痢（成人）。1週間以内に海外旅行をしましたか？はい。,緑
384,下痢（成人）,"ひどい脱力感があり、動けないですか？ 
便と一緒にたくさんの血が出ていますか？ 
尿の量が減ったり尿の色が濃くなったりしていますか？ 
ふらつき や 立ちくらみ はありますか？ 
皮膚や唇が乾いていますか？ 
喉（のど）がとても渇きますか？ 
おなかが痛いですか？　
吐きましたか？　〔または〕　吐き気がありますか？ 
下痢が何日も続きますか？ 
頻繁に下痢がありますか？　何度も続いていますか？
熱が出ていますか？ 
1 週間以内に海外旅行をしましたか？以上の項目が当てはまらないとき",あなたは救急医です。救急受診が必要かどうかを判断してください。下痢（成人）。以下の項目には当てはまりません。ひどい脱力感があり、動けないですか？便と一緒にたくさんの血が出ていますか？尿の量が減ったり尿の色が濃くなったりしていますか？ふらつきや立ちくらみはありますか？皮膚や唇が乾いていますか？喉（のど）がとても渇きますか？おなかが痛いですか？吐きましたか？または吐き気がありますか？下痢が何日も続きますか？頻繁に下痢がありますか？何度も続いていますか？熱が出ていますか？1週間以内に海外旅行をしましたか？,緑
385,吐き気・吐いた（成人）,同じような症状をよく起こしますか？,あなたは救急医です。救急受診が必要かどうかを判断してください。吐き気・吐いた（成人）。同じような症状をよく起こしますか？はい。,緑
386,吐血・下血・血便（成人・小児）,発熱（38℃以上）はありますか？,あなたは救急医です。救急受診が必要かどうかを判断してください。吐血・下血・血便（成人・小児）。発熱（38℃以上）はありますか？はい。,緑
387,吐血・下血・血便（成人・小児）,最近、がんにかかりましたか？,あなたは救急医です。救急受診が必要かどうかを判断してください。吐血・下血・血便（成人・小児）。最近、がんにかかりましたか？はい。,緑
388,吐血・下血・血便（成人・小児）,大便後、拭いた紙に血液が付着していますか？,あなたは救急医です。救急受診が必要かどうかを判断してください。吐血・下血・血便（成人・小児）。大便後、拭いた紙に血液が付着していますか？はい。,緑
389,吐血・下血・血便（成人・小児）,抗がん剤治療中ですか？,あなたは救急医です。救急受診が必要かどうかを判断してください。吐血・下血・血便（成人・小児）。抗がん剤治療中ですか？はい。,緑
390,尿が出にくい（成人・小児）,"尿をするときの痛み　〔または〕　残った感じ（残尿感）　〔または〕　発熱（38℃以上）はあ
りますか？",あなたは救急医です。救急受診が必要かどうかを判断してください。尿が出にくい（成人・小児）。尿をするときの痛みまたは残った感じ（残尿感）または発熱（38℃以上）はありますか？はい。,緑
391,尿が出にくい（成人・小児）,"背中〔または〕下腹部の激しい痛みがありますか？ 
尿の色が真っ赤ですか？ 
尿の量が減ったり、尿の色が濃くなったりしていますか？ 
立ちくらみが起きましたか？ 
皮膚や唇が乾いていますか？ 
喉（のど）がとても渇きますか？ 
脱水徴候のいずれかがありますか？ 
下腹部の痛み〔または〕張りがありますか？ 
おなかや骨盤や脊推のけがをしたことがありますか？　〔または〕　手術を受けたことがありますか？ 
腎臓や前立腺の病気にかかったことがありますか？ 
尿をするときの痛み　〔または〕　残った感じ（残尿感）　〔または〕　発熱（38℃以上）はありますか？ 
以上の項目が当てはまらないとき",あなたは救急医です。救急受診が必要かどうかを判断してください。尿が出にくい（成人・小児）。以下の項目には当てはまりません。背中または下腹部の激しい痛みがありますか？尿の色が真っ赤ですか？尿の量が減ったり、尿の色が濃くなったりしていますか？立ちくらみが起きましたか？皮膚や唇が乾いていますか？喉（のど）がとても渇きますか？脱水徴候のいずれかがありますか？下腹部の痛みまたは張りがありますか？おなかや骨盤や脊推のけがをしたことがありますか？または手術を受けたことがありますか？腎臓や前立腺の病気にかかったことがありますか？尿をするときの痛みまたは残った感じ（残尿感）または発熱（38℃以上）はありますか？,緑
392,膣からの出血・液体流出（成人・小児）,閉経後ですか？,あなたは救急医です。救急受診が必要かどうかを判断してください。膣からの出血・液体流出（成人・小児）。閉経後ですか？はい。,緑
393,膣からの出血・液体流出（成人・小児）,婦人科の手術を受けたことはありますか？,あなたは救急医です。救急受診が必要かどうかを判断してください。膣からの出血・液体流出（成人・小児）。婦人科の手術を受けたことはありますか？はい。,緑
394,膣からの出血・液体流出（成人・小児）,性交後　〔あるいは〕　避妊薬内服中　ですか？,あなたは救急医です。救急受診が必要かどうかを判断してください。膣からの出血・液体流出（成人・小児）。性交後あるいは避妊薬内服中ですか？はい。,緑
395,めまい・ふらつき（成人・小児）,"動けませんか？　〔または〕　歩行や移動ができませんか？
急に手足の力が抜けた感じ〔または〕手足の動きにくさがありますか？
しゃべりにくいですか？〔または〕しゃべりにくそうですか？
目が見えにくいですか？ 
脈が極端に速かったり遅かったり、乱れたりしますか？〔または〕ドキドキしますか？ 
胸の痛みがありますか？ 
めまいやふらつきが起こったのは突然ですか？ 
頭痛がありますか？ 
めまいの症状はひどいですか？ 
下痢をしていますか？〔または〕吐いていますか？ 
吐き気がありますか？ 
高血圧の治療中ですか？〔または〕高血圧と言われたことがありますか？〔または〕血圧が
高いですか？ 
ここ2 日以内に、けがをしましたか？ 
糖尿病と言われたことがありますか？ 
発熱（38℃以上）はありますか？ 
耳が聞こえにくいですか？〔または〕耳鳴りがしますか？〔または〕耳の痛みがありますか？ 
以上の項目に当てはまらないとき",あなたは救急医です。救急受診が必要かどうかを判断してください。めまい・ふらつき（成人・小児）。以下の項目には当てはまりません。動けませんか？または歩行や移動ができませんか？急に手足の力が抜けた感じまたは手足の動きにくさがありますか？しゃべりにくいですか？またはしゃべりにくそうですか？目が見えにくいですか？脈が極端に速かったり遅かったり、乱れたりしますか？またはドキドキしますか？胸の痛みがありますか？めまいやふらつきが起こったのは突然ですか？頭痛がありますか？めまいの症状はひどいですか？下痢をしていますか？または吐いていますか？吐き気がありますか？高血圧の治療中ですか？または高血圧と言われたことがありますか？または血圧が高いですか？ここ2日以内に、けがをしましたか？糖尿病と言われたことがありますか？発熱（38℃以上）はありますか？耳が聞こえにくいですか？または耳鳴りがしますか？または耳の痛みがありますか？,緑
396,しびれ（大人）（成人）,しびれ以外の症状がありますか？,あなたは救急医です。救急受診が必要かどうかを判断してください。しびれ（大人）（成人）。しびれ以外の症状がありますか？はい。,緑
397,首が痛い・肩が痛い（成人・小児）,首にコロコロしたしこりが触れますか？　（腫瘤、リンパ節）,あなたは救急医です。救急受診が必要かどうかを判断してください。首が痛い・肩が痛い（成人・小児）。首にコロコロしたしこりが触れますか？（腫瘤、リンパ節）はい。,緑
398,首が痛い・肩が痛い（成人・小児）,痛みは首を動かすときだけですか？,あなたは救急医です。救急受診が必要かどうかを判断してください。首が痛い・肩が痛い（成人・小児）。痛みは首を動かすときだけですか？はい。,緑
399,首が痛い・肩が痛い（成人・小児）,耳の下が腫れていますか？,あなたは救急医です。救急受診が必要かどうかを判断してください。首が痛い・肩が痛い（成人・小児）。耳の下が腫れていますか？はい。,緑
400,首が痛い・肩が痛い（成人・小児）,首の痛みだけで、他に具合の悪いところはありませんか？,あなたは救急医です。救急受診が必要かどうかを判断してください。首が痛い・肩が痛い（成人・小児）。首の痛みだけで、他に具合の悪いところはありませんか？はい。,緑
401,首が痛い・肩が痛い（成人・小児）,無理な姿勢を長時間していいましたか？　〔または〕　寝違えましたか？,あなたは救急医です。救急受診が必要かどうかを判断してください。首が痛い・肩が痛い（成人・小児）。無理な姿勢を長時間していいましたか？または寝違えましたか？はい。,緑
402,アレルギー（成人・小児）,原因が不明ですか？,あなたは救急医です。救急受診が必要かどうかを判断してください。アレルギー（成人・小児）。原因が不明ですか？はい。,緑
403,高血圧（成人）,収縮期血圧140 ～ 159mmHg　〔または〕　拡張期血圧90 ～ 100mmHg　が続いていますか？,あなたは救急医です。救急受診が必要かどうかを判断してください。高血圧（成人）。収縮期血圧140～159mmHgまたは拡張期血圧90～100mmHgが続いていますか？はい。,緑
404,高血圧（成人）,鼻血が出ていますか？,あなたは救急医です。救急受診が必要かどうかを判断してください。高血圧（成人）。鼻血が出ていますか？はい。,緑
405,眼科関連（成人・小児）,家で手当をしても痛みが続いていますか？,あなたは救急医です。救急受診が必要かどうかを判断してください。眼科関連（成人・小児）。家で手当をしても痛みが続いていますか？はい。,緑
406,眼科関連（成人・小児）,涙が止まらないですか？,あなたは救急医です。救急受診が必要かどうかを判断してください。眼科関連（成人・小児）。涙が止まらないですか？はい。,緑
407,眼科関連（成人・小児）,コンタクトレンズをつけていますか？ ,あなたは救急医です。救急受診が必要かどうかを判断してください。眼科関連（成人・小児）。コンタクトレンズをつけていますか？はい。,緑
408,眼科関連（成人・小児）,コンタクトレンズを外しても痛みが続いていますか？,あなたは救急医です。救急受診が必要かどうかを判断してください。眼科関連（成人・小児）。コンタクトレンズを外しても痛みが続いていますか？はい。,緑
409,眼科関連（成人・小児）,白眼が赤いのみですか？,あなたは救急医です。救急受診が必要かどうかを判断してください。眼科関連（成人・小児）。白眼が赤いのみですか？はい。,緑
410,眼科関連（成人・小児）,夜中に眼が痛むことがありますか？,あなたは救急医です。救急受診が必要かどうかを判断してください。眼科関連（成人・小児）。夜中に眼が痛むことがありますか？はい。,緑
411,眼科関連（成人・小児）,"アレルギー反応を起こすようなもの　〔または〕　眼に刺激があるもの　に触れましたか？　
（タバコなどの煙霧、プールの水、アレルゲン、紫外線への曝露）",あなたは救急医です。救急受診が必要かどうかを判断してください。眼科関連（成人・小児）。アレルギー反応を起こすようなものまたは眼に刺激があるものに触れましたか？（タバコなどの煙霧、プールの水、アレルゲン、紫外線への曝露）はい。,緑
412,眼科関連（成人・小児）,目やにが多いですか？,あなたは救急医です。救急受診が必要かどうかを判断してください。眼科関連（成人・小児）。目やにが多いですか？はい。,緑
413,眼科関連（成人・小児）,かゆみがありますか？〔または〕　乾いていますか？,あなたは救急医です。救急受診が必要かどうかを判断してください。眼科関連（成人・小児）。かゆみがありますか？または乾いていますか？はい。,緑
414,眼科関連（成人・小児）,起きたときにまぶたが開きにくいですか？ ,あなたは救急医です。救急受診が必要かどうかを判断してください。眼科関連（成人・小児）。起きたときにまぶたが開きにくいですか？はい。,緑
415,眼科関連（成人・小児）,チラチラした黒い影が見えますか？,あなたは救急医です。救急受診が必要かどうかを判断してください。眼科関連（成人・小児）。チラチラした黒い影が見えますか？はい。,緑
416,鼻のけが・鼻血（成人・小児）,最近頻繁に鼻血を繰り返していますか？ ,あなたは救急医です。救急受診が必要かどうかを判断してください。鼻のけが・鼻血（成人・小児）。最近頻繁に鼻血を繰り返していますか？はい。,緑
417,鼻のけが・鼻血（成人・小児）,血は止まりましたか？,あなたは救急医です。救急受診が必要かどうかを判断してください。鼻のけが・鼻血（成人・小児）。血は止まりましたか？はい。,緑
418,鼻のけが・鼻血（成人・小児）,鼻のはれがありますか？,あなたは救急医です。救急受診が必要かどうかを判断してください。鼻のけが・鼻血（成人・小児）。鼻のはれがありますか？はい。,緑
419,鼻のけが・鼻血（成人・小児）,鼻の痛みがありますか？,あなたは救急医です。救急受診が必要かどうかを判断してください。鼻のけが・鼻血（成人・小児）。鼻の痛みがありますか？はい。,緑
420,鼻のけが・鼻血（成人・小児）,鼻に打撲痕（内出血）　〔または〕　小さなすり傷　〔または〕　切り傷　がありますか？ ,あなたは救急医です。救急受診が必要かどうかを判断してください。鼻のけが・鼻血（成人・小児）。鼻に打撲痕（内出血）または小さなすり傷または切り傷がありますか？はい。,緑
421,鼻のけが・鼻血（成人・小児）,鼻がつまっていますか？,あなたは救急医です。救急受診が必要かどうかを判断してください。鼻のけが・鼻血（成人・小児）。鼻がつまっていますか？はい。,緑
422,口の中や歯の問題（成人・小児）,歯痛〔かつ〕糖尿病の持病がありますか？,あなたは救急医です。救急受診が必要かどうかを判断してください。口の中や歯の問題（成人・小児）。歯痛かつ糖尿病の持病がありますか？はい。,緑
423,口の中や歯の問題（成人・小児）,口の中の痛み（外傷ではない）に発熱を伴う。,あなたは救急医です。救急受診が必要かどうかを判断してください。口の中や歯の問題（成人・小児）。口の中の痛み（外傷ではない）に発熱を伴う。はい。,緑
424,口の中や歯の問題（成人・小児）,全身がだるい　〔または〕　調子が悪い　〔または〕　具合が悪いですか？,あなたは救急医です。救急受診が必要かどうかを判断してください。口の中や歯の問題（成人・小児）。全身がだるいまたは調子が悪いまたは具合が悪いですか？はい。,緑
425,口の中や歯の問題（成人・小児）,白っぽい斑点　〔または〕　水ぶくれがありますか？,あなたは救急医です。救急受診が必要かどうかを判断してください。口の中や歯の問題（成人・小児）。白っぽい斑点または水ぶくれがありますか？はい。,緑
426,口の中や歯の問題（成人・小児）,口内ヘルペスやがんにかかったことがありますか？〔または〕最近、のウイルスに感染しましたか？〔または〕新たな薬をのみはじめましたか？ ,あなたは救急医です。救急受診が必要かどうかを判断してください。口の中や歯の問題（成人・小児）。口内ヘルペスやがんにかかったことがありますか？または最近、のウイルスに感染しましたか？または新たな薬をのみはじめましたか？はい。,緑
427,口の中や歯の問題（成人・小児）,ビタミン（A、D、E、K）を大量に摂取していますか？ ,あなたは救急医です。救急受診が必要かどうかを判断してください。口の中や歯の問題（成人・小児）。ビタミン（A、D、E、K）を大量に摂取していますか？はい。,緑
428,口の中や歯の問題（成人・小児）,最近、食生活が変化しましたか？,あなたは救急医です。救急受診が必要かどうかを判断してください。口の中や歯の問題（成人・小児）。最近、食生活が変化しましたか？はい。,緑
429,口の中や歯の問題（成人・小児）,ストレスがありますか？,あなたは救急医です。救急受診が必要かどうかを判断してください。口の中や歯の問題（成人・小児）。ストレスがありますか？はい。,緑
430,口の中や歯の問題（成人・小児）,口の中に悪臭がありますか？,あなたは救急医です。救急受診が必要かどうかを判断してください。口の中や歯の問題（成人・小児）。口の中に悪臭がありますか？はい。,緑
431,口の中や歯の問題（成人・小児）,フェニトイン（アレビアチン）をのんだことがありますか？（副作用の歯肉増殖）,あなたは救急医です。救急受診が必要かどうかを判断してください。口の中や歯の問題（成人・小児）。フェニトイン（アレビアチン）をのんだことがありますか？（副作用の歯肉増殖）はい。,緑
432,口の中や歯の問題（成人・小児）,あごに強い痛みがありますか？,あなたは救急医です。救急受診が必要かどうかを判断してください。口の中や歯の問題（成人・小児）。あごに強い痛みがありますか？はい。,緑
433,口の中や歯の問題（成人・小児）,噛むとき、口をあけたときの痛み（あごの痛みを含む）はありますか？,あなたは救急医です。救急受診が必要かどうかを判断してください。口の中や歯の問題（成人・小児）。噛むとき、口をあけたときの痛み（あごの痛みを含む）はありますか？はい。,緑
434,口の中や歯の問題（成人・小児）,一般的な口のケアにも関わらず、痛みが消えませんか？,あなたは救急医です。救急受診が必要かどうかを判断してください。口の中や歯の問題（成人・小児）。一般的な口のケアにも関わらず、痛みが消えませんか？はい。,緑
435,口の中や歯の問題（成人・小児）,歯が折れたり、歯を抜いたりしていないが、抗凝固薬（血をさらさらにする薬）などを服用していますか？,あなたは救急医です。救急受診が必要かどうかを判断してください。口の中や歯の問題（成人・小児）。歯が折れたり、歯を抜いたりしていないが、抗凝固薬（血をさらさらにする薬）などを服用していますか？はい。,緑
436,口の中や歯の問題（成人・小児）,歯茎（はぐき）・歯肉が赤くはれていますか？,あなたは救急医です。救急受診が必要かどうかを判断してください。口の中や歯の問題（成人・小児）。歯茎（はぐき）・歯肉が赤くはれていますか？はい。,緑
437,口の中や歯の問題（成人・小児）,舌に発疹がありますか？,あなたは救急医です。救急受診が必要かどうかを判断してください。口の中や歯の問題（成人・小児）。舌に発疹がありますか？はい。,緑
438,口の中や歯の問題（成人・小児）,虫歯（う歯）がありますか？ ,あなたは救急医です。救急受診が必要かどうかを判断してください。口の中や歯の問題（成人・小児）。虫歯（う歯）がありますか？はい。,緑
439,口の中や歯の問題（成人・小児）,歯の揺れ、抜け、欠け、詰め物・矯正を含む歯科治療後の不具合がありますか？ ,あなたは救急医です。救急受診が必要かどうかを判断してください。口の中や歯の問題（成人・小児）。歯の揺れ、抜け、欠け、詰め物・矯正を含む歯科治療後の不具合がありますか？はい。,緑
440,口の中や歯の問題（成人・小児）,知覚過敏、ヒリヒリ感がありますか？,あなたは救急医です。救急受診が必要かどうかを判断してください。口の中や歯の問題（成人・小児）。知覚過敏、ヒリヒリ感がありますか？はい。,緑
441,口の中や歯の問題（成人・小児）,喫煙者、噛みタバコを利用していますか？,あなたは救急医です。救急受診が必要かどうかを判断してください。口の中や歯の問題（成人・小児）。喫煙者、噛みタバコを利用していますか？はい。,緑
442,口の中や歯の問題（成人・小児）,歯痛があり、欠けている歯（けがではない）がありますか？,あなたは救急医です。救急受診が必要かどうかを判断してください。口の中や歯の問題（成人・小児）。歯痛があり、欠けている歯（けがではない）がありますか？はい。,緑
443,口の中や歯の問題（成人・小児）,歯痛があるが、日常生活の中で痛みがないときがありますか？,あなたは救急医です。救急受診が必要かどうかを判断してください。口の中や歯の問題（成人・小児）。歯痛があるが、日常生活の中で痛みがないときがありますか？はい。,緑
444,口の中や歯の問題（成人・小児）,歯痛があり、歯茎（はぐき）から血が出ますか？,あなたは救急医です。救急受診が必要かどうかを判断してください。口の中や歯の問題（成人・小児）。歯痛があり、歯茎（はぐき）から血が出ますか？はい。,緑
445,口の中や歯の問題（成人・小児）,食事をするときや食後に痛みが続いていますか？,あなたは救急医です。救急受診が必要かどうかを判断してください。口の中や歯の問題（成人・小児）。食事をするときや食後に痛みが続いていますか？はい。,緑
446,手や腕の問題（成人・小児）,きずはないが痛みとはれがありますか？ ,あなたは救急医です。救急受診が必要かどうかを判断してください。手や腕の問題（成人・小児）。きずはないが痛みとはれがありますか？はい。,緑
447,手や腕の問題（成人・小児）,きずはないが指輪が抜けなくなりましたか？,あなたは救急医です。救急受診が必要かどうかを判断してください。手や腕の問題（成人・小児）。きずはないが指輪が抜けなくなりましたか？はい。,緑
448,足（太もものつけ根から足首）の問題（成人・小児）,現在、喉（のど）の痛みがありますか？　〔または〕　大きな病気（心臓の病気、肝臓病、腎臓病、がん）を治療中ですか？ ,あなたは救急医です。救急受診が必要かどうかを判断してください。足（太もものつけ根から足首）の問題（成人・小児）。現在、喉（のど）の痛みがありますか？または大きな病気（心臓の病気、肝臓病、腎臓病、がん）を治療中ですか？はい。,緑
449,足（太もものつけ根から足首）の問題（成人・小児）,両側の足首の関節のはれ　〔または〕　むくみがありますか？,あなたは救急医です。救急受診が必要かどうかを判断してください。足（太もものつけ根から足首）の問題（成人・小児）。両側の足首の関節のはれまたはむくみがありますか？はい。,緑
450,足（太もものつけ根から足首）の問題（成人・小児）,脚や足首以外にも痛みがありますか？,あなたは救急医です。救急受診が必要かどうかを判断してください。足（太もものつけ根から足首）の問題（成人・小児）。脚や足首以外にも痛みがありますか？はい。,緑
451,足（太もものつけ根から足首）の問題（成人・小児）,最近、新しい薬を飲みはじめましたか？,あなたは救急医です。救急受診が必要かどうかを判断してください。足（太もものつけ根から足首）の問題（成人・小児）。最近、新しい薬を飲みはじめましたか？はい。,緑
452,足（太もものつけ根から足首）の問題（成人・小児）,しびれや痛み以外の症状が1 週間以上続いていますか？ ,あなたは救急医です。救急受診が必要かどうかを判断してください。足（太もものつけ根から足首）の問題（成人・小児）。しびれや痛み以外の症状が1週間以上続いていますか？はい。,緑
453,足（太もものつけ根から足首）の問題（成人・小児）,最近、体重が増えましたか？,あなたは救急医です。救急受診が必要かどうかを判断してください。足（太もものつけ根から足首）の問題（成人・小児）。最近、体重が増えましたか？はい。,緑
454,足（太もものつけ根から足首）の問題（成人・小児）,体がだるいですか？,あなたは救急医です。救急受診が必要かどうかを判断してください。足（太もものつけ根から足首）の問題（成人・小児）。体がだるいですか？はい。,緑
455,足（太もものつけ根から足首）の問題（成人・小児）,脚のしびれや痛みが続いていますか？,あなたは救急医です。救急受診が必要かどうかを判断してください。足（太もものつけ根から足首）の問題（成人・小児）。脚のしびれや痛みが続いていますか？はい。,緑
456,足（太もものつけ根から足首）の問題（成人・小児）,足の手術をしたことがありますか？,あなたは救急医です。救急受診が必要かどうかを判断してください。足（太もものつけ根から足首）の問題（成人・小児）。足の手術をしたことがありますか？はい。,緑
457,足（太もものつけ根から足首）の問題（成人・小児）,妊娠中で突然体重が増えましたか？,あなたは救急医です。救急受診が必要かどうかを判断してください。足（太もものつけ根から足首）の問題（成人・小児）。妊娠中で突然体重が増えましたか？はい。,緑
458,足首から先の問題（成人・小児）,現在、喉（のど）の痛みがありますか？〔または〕 　大きな病気（心臓の病気、肝臓病、腎臓病、悪性腫瘍）を治療中ですか？ ,あなたは救急医です。救急受診が必要かどうかを判断してください。足首から先の問題（成人・小児）。現在、喉（のど）の痛みがありますか？または大きな病気（心臓の病気、肝臓病、腎臓病、悪性腫瘍）を治療中ですか？はい。,緑
459,足首から先の問題（成人・小児）,両側の足首の関節の　はれ　〔または〕　むくみがありますか？,あなたは救急医です。救急受診が必要かどうかを判断してください。足首から先の問題（成人・小児）。両側の足首の関節のはれまたはむくみがありますか？はい。,緑
460,足首から先の問題（成人・小児）,足首以外の他の関節にも痛みがありますか？ ,あなたは救急医です。救急受診が必要かどうかを判断してください。足首から先の問題（成人・小児）。足首以外の他の関節にも痛みがありますか？はい。,緑
461,足首から先の問題（成人・小児）,最近、新しい薬を飲みはじめましたか？ ,あなたは救急医です。救急受診が必要かどうかを判断してください。足首から先の問題（成人・小児）。最近、新しい薬を飲みはじめましたか？はい。,緑
462,足首から先の問題（成人・小児）,しびれや痛み以外の症状が1 週間以上続いていますか？,あなたは救急医です。救急受診が必要かどうかを判断してください。足首から先の問題（成人・小児）。しびれや痛み以外の症状が1週間以上続いていますか？はい。,緑
463,足首から先の問題（成人・小児）,最近、体重が増えましたか？,あなたは救急医です。救急受診が必要かどうかを判断してください。足首から先の問題（成人・小児）。最近、体重が増えましたか？はい。,緑
464,足首から先の問題（成人・小児）,体がだるいですか？,あなたは救急医です。救急受診が必要かどうかを判断してください。足首から先の問題（成人・小児）。体がだるいですか？はい。,緑
465,足首から先の問題（成人・小児）,足のしびれや痛みが続いていますか？,あなたは救急医です。救急受診が必要かどうかを判断してください。足首から先の問題（成人・小児）。足のしびれや痛みが続いていますか？はい。,緑
466,足首から先の問題（成人・小児）,水虫や疥癬（かいせん）など皮膚の病気にかかったことがありますか？　〔または〕　足の手術をしたことがありますか？,あなたは救急医です。救急受診が必要かどうかを判断してください。足首から先の問題（成人・小児）。水虫や疥癬（かいせん）など皮膚の病気にかかったことがありますか？または足の手術をしたことがありますか？はい。,緑
467,足首から先の問題（成人・小児）,妊娠中で、突然体重が増えましたか？,あなたは救急医です。救急受診が必要かどうかを判断してください。足首から先の問題（成人・小児）。妊娠中で、突然体重が増えましたか？はい。,緑
468,やけど（成人・小児）,水ぶくれはなく、赤くなっていますか？,あなたは救急医です。救急受診が必要かどうかを判断してください。やけど（成人・小児）。水ぶくれはなく、赤くなっていますか？はい。,緑
469,やけど（成人・小児）,痛みはありますか？,あなたは救急医です。救急受診が必要かどうかを判断してください。やけど（成人・小児）。痛みはありますか？はい。,緑
470,頭のけが（成人）,頭を打った,あなたは救急医です。救急受診が必要かどうかを判断してください。頭のけが（成人）。頭を打ったはい。,緑
471,頭のけが（成人）,心配だ,あなたは救急医です。救急受診が必要かどうかを判断してください。頭のけが（成人）。心配だはい。,緑
472,眼のけが（成人・小児）,眼の周りが青あざになっていますか？,あなたは救急医です。救急受診が必要かどうかを判断してください。眼のけが（成人・小児）。眼の周りが青あざになっていますか？はい。,緑
473,眼のけが（成人・小児）,けがをした後、痛み、はれ、赤み、熱っぽい感じのいずれかがありますか？,あなたは救急医です。救急受診が必要かどうかを判断してください。眼のけが（成人・小児）。けがをした後、痛み、はれ、赤み、熱っぽい感じのいずれかがありますか？はい。,緑
474,眼のけが（成人・小児）,けがをした後　〔または〕　異物を取った後、不快感が1 日以上続いていますか？,あなたは救急医です。救急受診が必要かどうかを判断してください。眼のけが（成人・小児）。けがをした後または異物を取った後、不快感が1日以上続いていますか？はい。,緑
475,眼のけが（成人・小児）,3 日以上、白眼が赤くなっていますか？,あなたは救急医です。救急受診が必要かどうかを判断してください。眼のけが（成人・小児）。3日以上、白眼が赤くなっていますか？はい。,緑
476,手足・顔面の外傷（成人・小児）,けがをした後48 時間以上たってから、はれてきましたか？　〔または〕　変が変わってきましたか？,あなたは救急医です。救急受診が必要かどうかを判断してください。手足・顔面の外傷（成人・小児）。けがをした後48時間以上たってから、はれてきましたか？または変が変わってきましたか？はい。,緑
477,何か固形物を飲み込んだ（成人・小児）,異物を飲み込んだが症状がまったくないですか？,あなたは救急医です。救急受診が必要かどうかを判断してください。何か固形物を飲み込んだ（成人・小児）。異物を飲み込んだが症状がまったくないですか？はい。,緑
478,何か固形物を飲み込んだ（成人・小児）,喉（のど）に違和感が残っていますか？,あなたは救急医です。救急受診が必要かどうかを判断してください。何か固形物を飲み込んだ（成人・小児）。喉（のど）に違和感が残っていますか？はい。,緑
479,薬をたくさん飲んだ・間違った薬を飲んだ（成人・小児）,"ヒューヒュー、ゼーゼーしていますか？　〔または〕　呼吸が浅い　〔または〕　ゆっくりですか？
胸が痛いですか？
激しくおなかが痛みますか？
吐き気がありますか？　〔または〕　吐きましたか？
自殺が目的でしたか？
飲酒しましたか？
下痢をしていますか？
何か気になることがありますか？
以上の項目に当てはまらないとき。 ",あなたは救急医です。救急受診が必要かどうかを判断してください。薬をたくさん飲んだ・間違った薬を飲んだ（成人・小児）。以下の項目には当てはまりません。ヒューヒュー、ゼーゼーしていますか？または呼吸が浅いまたはゆっくりですか？胸が痛いですか？激しくおなかが痛みますか？吐き気がありますか？または吐きましたか？自殺が目的でしたか？飲酒しましたか？下痢をしていますか？何か気になることがありますか？,緑
480,小児 発熱（小児）," 意識がもうろうとしていますか？〔または〕おかしなことを口走っていますか？
（声をかけても ふつうに受け答えできない）
興奮していますか？〔または〕あばれていますか？（声をかけても ふつうに受け答えできない）
3 ヵ月未満ですか?
8 時間以上うとうとしていますか？（声をかければ ふつうに受け答えできる）
元気がなく〔かつ〕ぐったりしていますか？
ひどい頭痛がありますか？
何か特別な病気（ステロイド剤服用中、免疫不全、悪性腫瘍、先天性心疾患など）で病院に
かかっていて、熱が出たらすぐ病院に行くように言われていますか？
水分を十分に取れていないですか？（飲む量や回数が減っている）
尿量や尿の回数が減ったり、尿の色が濃くなったりしていますか？（脱水徴候）
ほとんど涙が出ないですか？〔または〕口の中や 舌が乾いていますか？　（脱水徴候）
尿が出るとき、痛がりますか？〔または〕尿の色や臭いが、普段と違いますか？
１ヶ月以内に海外に渡航しましたか？ （北米・ヨーロッパ以外）
２回以上〔または〕多量の下痢がありますか？
吐き気 や 嘔吐 はありますか？
強い腹痛がありますか？
咳〔または〕鼻汁 で つらそうですか？
暑い所 や 蒸し暑い所に しばらくいましたか？〔または〕激しい運動の後ですか？
全身が赤いですか？　〔または〕　発疹（体が赤くなっている　〔または〕　蕁麻疹のようにブツブツが出ている）はありますか？
耳を痛がりますか？
耳の穴から膿が出ていますか / 耳だれがありますか？
以上の項目に当てはまらないとき。",あなたは救急医です。救急受診が必要かどうかを判断してください。小児発熱（小児）。以下の項目には当てはまりません。意識がもうろうとしていますか？またはおかしなことを口走っていますか？（声をかけてもふつうに受け答えできない）興奮していますか？またはあばれていますか？（声をかけてもふつうに受け答えできない）3ヵ月未満ですか?8時間以上うとうとしていますか？（声をかければふつうに受け答えできる）元気がなくかつぐったりしていますか？ひどい頭痛がありますか？何か特別な病気（ステロイド剤服用中、免疫不全、悪性腫瘍、先天性心疾患など）で病院にかかっていて、熱が出たらすぐ病院に行くように言われていますか？水分を十分に取れていないですか？（飲む量や回数が減っている）尿量や尿の回数が減ったり、尿の色が濃くなったりしていますか？（脱水徴候）ほとんど涙が出ないですか？または口の中や舌が乾いていますか？（脱水徴候）尿が出るとき、痛がりますか？または尿の色や臭いが、普段と違いますか？１ヶ月以内に海外に渡航しましたか？（北米・ヨーロッパ以外）２回以上または多量の下痢がありますか？吐き気や嘔吐はありますか？強い腹痛がありますか？咳または鼻汁でつらそうですか？暑い所や蒸し暑い所にしばらくいましたか？または激しい運動の後ですか？全身が赤いですか？または発疹（体が赤くなっているまたは蕁麻疹のようにブツブツが出ている）はありますか？耳を痛がりますか？耳の穴から膿が出ていますか/耳だれがありますか？,緑
481,小児 痙攣（ひきつけ）・震え（小児）,痙攣かどうか、わからないですか？,あなたは救急医です。救急受診が必要かどうかを判断してください。小児痙攣（ひきつけ）・震え（小児）。小児痙攣（ひきつけ）・震え（小児）。痙攣かどうか、わからないですか？はい。,
482,小児 痙攣（ひきつけ）・震え（小児）,"痙攣はまだ続いていますか？ 
痙攣が収まってからも、意識が戻らないままですか？ 〔または〕様子がおかしいですか？
（声をかけてもふつうに受け答えできない）
痙攣が収まってからも、顔や唇の色が紫色のままですか？ 
最近 頭を強くぶつけたことがありましたかか？ 
生まれて初めての痙攣ですか？ 
今回の痙攣は繰り返し起こりましたか？ 
痙攣に左右差はありましたか？ 
興奮していますか？〔または〕あばれていますか？ 
意識が戻っても、不機嫌な状態〔または〕8 時間以上うとうとした状態が続いていますか？
（ 声をかければ 受け答えできる）
医師から予防投与を指示されている 〔かつ〕予防薬（ダイアップ坐薬など）の手持ちが切れてしまいましたか？ 
今までに何回も、同様の けいれんをおこしていますか？ 
水分を十分に取れていないですか？（飲む量や回数が減っている）
尿量や 尿の回数が減ったり、尿の色が濃くなったりしていますか？（脱水徴候）
発熱がない状態での痙攣しましたか? 
痙攣かどうか、わからないですか？ 
以上の項目に当てはまらないとき。",あなたは救急医です。救急受診が必要かどうかを判断してください。小児痙攣（ひきつけ）・震え（小児）。以下の項目には当てはまりません。痙攣はまだ続いていますか？痙攣が収まってからも、意識が戻らないままですか？または様子がおかしいですか？（声をかけてもふつうに受け答えできない）痙攣が収まってからも、顔や唇の色が紫色のままですか？最近頭を強くぶつけたことがありましたかか？生まれて初めての痙攣ですか？今回の痙攣は繰り返し起こりましたか？痙攣に左右差はありましたか？興奮していますか？またはあばれていますか？意識が戻っても、不機嫌な状態または8時間以上うとうとした状態が続いていますか？（声をかければ受け答えできる）医師から予防投与を指示されているかつ予防薬（ダイアップ坐薬など）の手持ちが切れてしまいましたか？今までに何回も、同様のけいれんをおこしていますか？水分を十分に取れていないですか？（飲む量や回数が減っている）尿量や尿の回数が減ったり、尿の色が濃くなったりしていますか？（脱水徴候）発熱がない状態での痙攣しましたか?痙攣かどうか、わからないですか？,緑
483,小児 咳（小児）,痰のからむ咳ですか？,あなたは救急医です。救急受診が必要かどうかを判断してください。小児咳（小児）。痰のからむ咳ですか？はい。,緑
484,小児 咳（小児）,咳と一緒に少し血液がみられましたか？ ,あなたは救急医です。救急受診が必要かどうかを判断してください。小児咳（小児）。咳と一緒に少し血液がみられましたか？はい。,緑
485,小児 咳（小児）,周囲に麻疹やインフルエンザに罹った方はいますか？,あなたは救急医です。救急受診が必要かどうかを判断してください。小児咳（小児）。周囲に麻疹やインフルエンザに罹った方はいますか？はい。,緑
486,小児 咳（小児）,鼻水･鼻づまりはありますか？,あなたは救急医です。救急受診が必要かどうかを判断してください。小児咳（小児）。鼻水･鼻づまりはありますか？はい。,緑
487,小児 咳（小児）,食欲がないですか？,あなたは救急医です。救急受診が必要かどうかを判断してください。小児咳（小児）。食欲がないですか？はい。,緑
488,小児 咳（小児）,発熱（38℃以上）はありますか？,あなたは救急医です。救急受診が必要かどうかを判断してください。小児咳（小児）。発熱（38℃以上）はありますか？はい。,緑
489,小児 喘息・喘息様症状（小児）,発熱（38℃以上）はありますか？ ,あなたは救急医です。救急受診が必要かどうかを判断してください。小児喘息・喘息様症状（小児）。発熱（38℃以上）はありますか？はい。,緑
490,小児 喘息・喘息様症状（小児）,黄～緑色の痰が出ていますか？,あなたは救急医です。救急受診が必要かどうかを判断してください。小児喘息・喘息様症状（小児）。黄～緑色の痰が出ていますか？はい。,緑
491,小児 喘息・喘息様症状（小児）,アレルギーはありますか？,あなたは救急医です。救急受診が必要かどうかを判断してください。小児喘息・喘息様症状（小児）。アレルギーはありますか？はい。,緑
492,小児 喘息・喘息様症状（小児）,鼻水･鼻づまりはありますか？,あなたは救急医です。救急受診が必要かどうかを判断してください。小児喘息・喘息様症状（小児）。鼻水･鼻づまりはありますか？はい。,緑
493,小児 呼吸苦（小児）,アレルギーはありますか？ ,あなたは救急医です。救急受診が必要かどうかを判断してください。小児呼吸苦（小児）。アレルギーはありますか？はい。,緑
494,小児 呼吸苦（小児）,"きちんと呼吸できない状態ですか？ 
顔色や唇の色が紫色ですか？
意識がないようですか？　受け答えができない / 呼びかけに反応しない状態ですか？ 
咳がひどくて 横になれないですか？　〔または〕　歩けませんか？　〔または〕　会話できませんか？ 
盛り上がった発疹があり　〔かつ〕　かゆがっていますか？ 
咳が始まる前に口に何か食べて　〔または〕　口にくわえていましたか？
（ピーナッツや大豆などの豆類などを含む）
何か変なものを吸い込みましたか？〔または〕その可能性がありますか？ 
胸が痛いですか？ 
ヒューヒュー、ゼーゼーが強く　〔または〕　息を吐く時間が長くなっていますか？ 
咳がひどくて 眠れないですか？ 
それまで症状がなかったのに、突然に始まりましたか？ 
何かを食べたり、薬を飲んだり、虫に刺されたりしたあとに、症状がでてきましたか？ 
普段と比べて（浅く）早い呼吸をしていますか？ 
水分が口からとれない（よう）ですか？　〔または〕　吐き気・嘔吐がありますか？ 
喘息の治療を受けていて　〔かつ〕　医師の指示通り薬剤を使ってもよくなりませんか？ 
尿量が減ったり、濃くなったりしていますか？〔または〕喉がひどく渇いているようですか？（脱水徴候）
喘息発作を起こすと一気に悪くなりやすいですか？ 
今までに何回も喘息発作〔または〕喘息様気管支炎で入院したことがありますか？ 
アレルギーはありますか？ 
以上の項目が当てはまらないとき",あなたは救急医です。救急受診が必要かどうかを判断してください。小児呼吸苦（小児）。以下の項目には当てはまりません。きちんと呼吸できない状態ですか？顔色や唇の色が紫色ですか？意識がないようですか？受け答えができない/呼びかけに反応しない状態ですか？咳がひどくて横になれないですか？または歩けませんか？または会話できませんか？盛り上がった発疹がありかつかゆがっていますか？咳が始まる前に口に何か食べてまたは口にくわえていましたか？（ピーナッツや大豆などの豆類などを含む）何か変なものを吸い込みましたか？またはその可能性がありますか？胸が痛いですか？ヒューヒュー、ゼーゼーが強くまたは息を吐く時間が長くなっていますか？咳がひどくて眠れないですか？それまで症状がなかったのに、突然に始まりましたか？何かを食べたり、薬を飲んだり、虫に刺されたりしたあとに、症状がでてきましたか？普段と比べて（浅く）早い呼吸をしていますか？水分が口からとれない（よう）ですか？または吐き気・嘔吐がありますか？喘息の治療を受けていてかつ医師の指示通り薬剤を使ってもよくなりませんか？尿量が減ったり、濃くなったりしていますか？または喉がひどく渇いているようですか？（脱水徴候）喘息発作を起こすと一気に悪くなりやすいですか？今までに何回も喘息発作または喘息様気管支炎で入院したことがありますか？アレルギーはありますか？,緑
495,小児 発疹（小児）,"赤～紫色の点々（出血斑）が下肢その他にたくさんみられますか？　〔または〕　透明なガラ
スで皮膚を押しても点々が消えませんか？全身に盛り上がった発疹がみられ　〔かつ〕　かゆがっていますか？盛り上がった発疹が散在し　〔かつ〕　かゆがっていますか？舌にイチゴのようなザラザラがみられますか？眼や唇が真っ赤ですか？皮膚のブツブツに膿/ 汁が出ていますか？
上記に該当しないさまざまな発疹（湿疹、突発性発疹、虫刺され、アトピー性皮膚炎の増悪、など）がありますか？",あなたは救急医です。救急受診が必要かどうかを判断してください。小児発疹（小児）。赤～紫色の点々（出血斑）が下肢その他にたくさんみられますか？または透明なガラスで皮膚を押しても点々が消えませんか？全身に盛り上がった発疹がみられかつかゆがっていますか？盛り上がった発疹が散在しかつかゆがっていますか？舌にイチゴのようなザラザラがみられますか？眼や唇が真っ赤ですか？皮膚のブツブツに膿/汁が出ていますか？上記に該当しないさまざまな発疹（湿疹、突発性発疹、虫刺され、アトピー性皮膚炎の増悪、など）がありますか？はい。,緑
496,小児 発疹（小児）,最近に予防接種を受け、接種した局所の腫れのみがありますか？,あなたは救急医です。救急受診が必要かどうかを判断してください。小児発疹（小児）。最近に予防接種を受け、接種した局所の腫れのみがありますか？はい。,緑
497,小児 発疹（小児）,草原や野山で遊びましたか？（虫刺されやかぶれの可能性）,あなたは救急医です。救急受診が必要かどうかを判断してください。小児発疹（小児）。草原や野山で遊びましたか？（虫刺されやかぶれの可能性）はい。,緑
498,小児 吐き気･吐いた（小児）,現在、吐いてはいない〔かつ〕気持ち悪がっていますか？,あなたは救急医です。救急受診が必要かどうかを判断してください。小児吐き気･吐いた（小児）。現在、吐いてはいないかつ気持ち悪がっていますか？はい。,緑
499,小児 吐き気･吐いた（小児）,家族･近所･保育園･幼稚園･学校などで同じような症状の人が多いですか？,あなたは救急医です。救急受診が必要かどうかを判断してください。小児吐き気･吐いた（小児）。家族･近所･保育園･幼稚園･学校などで同じような症状の人が多いですか？はい。,緑
500,小児 吐き気･吐いた（小児）,便秘はありますか？,あなたは救急医です。救急受診が必要かどうかを判断してください。小児吐き気･吐いた（小児）。便秘はありますか？はい。,緑
501,小児 吐き気･吐いた（小児）,同じような症状を以前からよく起こしますか？,あなたは救急医です。救急受診が必要かどうかを判断してください。小児吐き気･吐いた（小児）。同じような症状を以前からよく起こしますか？はい。,緑
502,小児 下痢（小児）,"便と一緒にたくさんの血が混じっていますか？　〔または〕　便にイチゴゼリー様のものが混じっていますか？ 
嘔吐を何度も繰り返していますか？（回数の目安：6 回以上〔または〕吐物中に食物残渣がみられなくなっても2 ～ 3 回以上嘔吐を繰り返している）
元気がなく　〔かつ〕　ぐったりしていますか？ 
8 時間以上うとうとしていますか？ （声をかければ 受け答えできる）
嘔吐　〔または〕　腹痛がひどいですか？ 
尿が8-12 時間以上でていませんか？　（脱水徴候）
泣いてもほとんど涙が出ないですか？　（脱水徴候）
頻繁に下痢がありますか？　
おなかをかなり痛がりますか？ 
尿量が減ったり、尿が濃くなったりしていますか？ 
嘔吐がありますか？ 
水分が十分にとれませんか？ 
家族･近所･保育園･幼稚園･学校などで同じような症状の人が多いですか？ 
一緒に食事をした人が、同様の症状を訴えていますか？ 
最近、外食･生もの･保存状態のよくない食品などを食べましたか？ 
嘔吐が３回以上つづいていますか？ 
１ヶ月以内に海外に渡航しましたか？ （北米・ヨーロッパ以外）
以上の項目に当てはまらないとき。",あなたは救急医です。救急受診が必要かどうかを判断してください。小児下痢（小児）。以下の項目には当てはまりません。便と一緒にたくさんの血が混じっていますか？または便にイチゴゼリー様のものが混じっていますか？嘔吐を何度も繰り返していますか？（回数の目安：6回以上または吐物中に食物残渣がみられなくなっても2～3回以上嘔吐を繰り返している）元気がなくかつぐったりしていますか？8時間以上うとうとしていますか？（声をかければ受け答えできる）嘔吐または腹痛がひどいですか？尿が8-12時間以上でていませんか？（脱水徴候）泣いてもほとんど涙が出ないですか？（脱水徴候）頻繁に下痢がありますか？おなかをかなり痛がりますか？尿量が減ったり、尿が濃くなったりしていますか？嘔吐がありますか？水分が十分にとれませんか？家族･近所･保育園･幼稚園･学校などで同じような症状の人が多いですか？一緒に食事をした人が、同様の症状を訴えていますか？最近、外食･生もの･保存状態のよくない食品などを食べましたか？嘔吐が３回以上つづいていますか？１ヶ月以内に海外に渡航しましたか？（北米・ヨーロッパ以外）,緑
503,小児 腹痛（小児）,"元気がなく〔かつ〕ぐったりしていますか？ 
意識がもうろうとしていますか？　〔または〕　おかしなことを口走っていますか？　〔または〕　激しく泣いたり あばれたりしていますか？
（声をかけても ふつうに受け答えできない）
おなかがパンパンに張っていますか？ 
おまた（股の付け根、陰嚢など）が膨らんでいますか？ 
便にたくさんの血が混じっていますか？　〔または〕　便にイチゴゼリー様のものが混じっていますか？ 
歩けない（動けない）ほどの おなかの痛みが続いていますか？ 
痛みはだんだん強くなってきてるようですか？ 
おなかを軽く押すしただけでも 強い痛みがありますか？ 
嘔吐を何度も繰り返していますか？（回数の目安：6 回以上〔または〕吐物中に食物残渣がみられなくなっても2 ～ 3 回以上嘔吐を繰り返している）
吐いたものに血（赤い: 新鮮血、黒っぽい：旧血）が混じっていますか？ 
8 時間以上うとうとしていますか？
（ 声をかければ 受け答えできる）
尿が8-12 時間以上でていませんか？　（脱水徴候）
痛みはよくなったり悪くなったりを繰り返しながら、続いているようですか？ 
水分を十分にとれていないですか？ 
嘔吐　〔または〕　吐き気　〔または〕　下痢　はありますか？ 
便秘はありますか？ 
一緒に食事をした人が、同様の症状を訴えていますか？ 
最近、外食･生もの･保存状態のよくない食品などを食べましたか？ 
おなかをぶつけましたか？ おなかにあざやキズはありませんか？ 
尿に血液が混じっていましたか？ 
尿が出るとき痛がりますか？ 
以上の項目に当てはまらないとき。",あなたは救急医です。救急受診が必要かどうかを判断してください。小児腹痛（小児）。以下の項目には当てはまりません。元気がなくかつぐったりしていますか？意識がもうろうとしていますか？またはおかしなことを口走っていますか？または激しく泣いたりあばれたりしていますか？（声をかけてもふつうに受け答えできない）おなかがパンパンに張っていますか？おまた（股の付け根、陰嚢など）が膨らんでいますか？便にたくさんの血が混じっていますか？または便にイチゴゼリー様のものが混じっていますか？歩けない（動けない）ほどのおなかの痛みが続いていますか？痛みはだんだん強くなってきてるようですか？おなかを軽く押すしただけでも強い痛みがありますか？嘔吐を何度も繰り返していますか？（回数の目安：6回以上または吐物中に食物残渣がみられなくなっても2～3回以上嘔吐を繰り返している）吐いたものに血（赤い:新鮮血、黒っぽい：旧血）が混じっていますか？8時間以上うとうとしていますか？（声をかければ受け答えできる）尿が8-12時間以上でていませんか？（脱水徴候）痛みはよくなったり悪くなったりを繰り返しながら、続いているようですか？水分を十分にとれていないですか？嘔吐または吐き気または下痢はありますか？便秘はありますか？一緒に食事をした人が、同様の症状を訴えていますか？最近、外食･生もの･保存状態のよくない食品などを食べましたか？おなかをぶつけましたか？おなかにあざやキズはありませんか？尿に血液が混じっていましたか？尿が出るとき痛がりますか？,緑
504,小児 便秘（小児）,いつも便秘気味ですか？,あなたは救急医です。救急受診が必要かどうかを判断してください。小児便秘（小児）。いつも便秘気味ですか？はい。,緑
505,小児 便秘（小児）,数日以上便が出ていないですか？,あなたは救急医です。救急受診が必要かどうかを判断してください。小児便秘（小児）。数日以上便が出ていないですか？はい。,緑
506,小児 便の色の異常（小児）,（ 血便） 便の周りに糸状、線上の血液がついている。,あなたは救急医です。救急受診が必要かどうかを判断してください。小児便の色の異常（小児）。（血便）便の周りに糸状、線上の血液がついている。はい。,緑
507,小児 便の色の異常（小児）,便が白っぽいですか？,あなたは救急医です。救急受診が必要かどうかを判断してください。小児便の色の異常（小児）。便が白っぽいですか？はい。,緑
508,小児 便の色の異常（小児）,便が緑色ですか？,あなたは救急医です。救急受診が必要かどうかを判断してください。小児便の色の異常（小児）。便が緑色ですか？はい。,緑
509,小児 便の色の異常（小児）,硬い便が出た後に少量の出血がありましたか？,あなたは救急医です。救急受診が必要かどうかを判断してください。小児便の色の異常（小児）。硬い便が出た後に少量の出血がありましたか？はい。,緑
510,小児 便の色の異常（小児）,下痢をしていますか？,あなたは救急医です。救急受診が必要かどうかを判断してください。小児便の色の異常（小児）。下痢をしていますか？はい。,緑
511,小児 耳痛（耳漏）（小児）,耳の穴から膿が出ていますか / 耳だれがありますか？,あなたは救急医です。救急受診が必要かどうかを判断してください。小児耳痛（耳漏）（小児）。耳の穴から膿が出ていますか/耳だれがありますか？はい。,緑
512,小児 耳痛（耳漏）（小児）,"耳の周囲　〔または〕　顔の片側　が赤く腫れていますか？ 
片方だけ顔の動きが悪い（表情がおかしい）ですか？ 
痛み止めを飲んでも効かない・眠れないほどの痛みですか？ 
耳　〔または〕　その周囲　の痛みが強いですか？ 
耳の周囲　〔または〕　顔の片側　が腫れていますか （赤みなし）？ 
耳からの出血がありますか？　〔または〕　耳だれ（耳から出た膿）に血が混じっていますか？ 
耳に何か（虫その他）が入ったようですか？ 
耳鳴り　〔または〕　聞こえにくさ　はありますか？ 
耳にけがをしましたか？　〔または〕　耳を打撲しましたか？ 
耳の穴から膿が出ていますか / 耳だれがありますか？ 
以上の項目に当てはまらないとき。",あなたは救急医です。救急受診が必要かどうかを判断してください。小児耳痛（耳漏）（小児）。以下の項目には当てはまりません。耳の周囲または顔の片側が赤く腫れていますか？片方だけ顔の動きが悪い（表情がおかしい）ですか？痛み止めを飲んでも効かない・眠れないほどの痛みですか？耳またはその周囲の痛みが強いですか？耳の周囲または顔の片側が腫れていますか（赤みなし）？耳からの出血がありますか？または耳だれ（耳から出た膿）に血が混じっていますか？耳に何か（虫その他）が入ったようですか？耳鳴りまたは聞こえにくさはありますか？耳にけがをしましたか？または耳を打撲しましたか？耳の穴から膿が出ていますか/耳だれがありますか？,緑
513,小児 頭痛（小児）,"叫ぶほど痛がりますか？ 
痙攣していますか？ 
意識がもうろうとしていますか？〔または〕おかしなことを口走っていますか？
（声をかけても ふつうに受け答えできない）
3 回以上の嘔吐がありましたか？ 
8 時間以上うとうとしていますか？（声をかければ ふつうに受け答えできる）
親などから見て 普段とは様子が違いますか？ 
発熱（38℃以上）はありますか？ 
頭をぶつけましたか？ 
鼻汁〔または〕鼻づまり　がありますか？ 
以上の項目に当てはまらないとき。",あなたは救急医です。救急受診が必要かどうかを判断してください。小児頭痛（小児）。以下の項目には当てはまりません。叫ぶほど痛がりますか？痙攣していますか？意識がもうろうとしていますか？またはおかしなことを口走っていますか？（声をかけてもふつうに受け答えできない）3回以上の嘔吐がありましたか？8時間以上うとうとしていますか？（声をかければふつうに受け答えできる）親などから見て普段とは様子が違いますか？発熱（38℃以上）はありますか？頭をぶつけましたか？鼻汁または鼻づまりがありますか？,緑
514,小児 啼泣（小児）,"便にたくさんの血が混じっていますか？〔または〕イチゴゼリー様のものが混じっています
か？ 
（顔色が悪く、）おなかが痛そうに間欠的に泣きますか？（強く泣いて、寝入るように泣き止み、また火がついたように泣くのを繰り返す。）
歩けない（動けない）ほど 苦しんでいますか？ 
強い吐き気〔または〕3 回以上の嘔吐がありますか？
高い所から落ちましたか？ 
おまた（股の付け根、陰嚢など）が膨らんでいますか？ 
発熱（38℃以上）はありますか？ 
痙攣がありましたか？ 
頻繁に下痢がありますか？ 
おなかをかなり痛がっていますか？ 
頭をぶつけましたか？ 
耳を痛がりますか？ 
尿が出るときに泣きますか？ 
今日、ウンチが出ていませんか？ 
水分を十分にとれていないですか？ 
（ 全身をみて） 痛みの原因となるようなものがありますか？（指に巻き付いた毛髪や繊維など）
以上の項目に当てはまらないとき。",あなたは救急医です。救急受診が必要かどうかを判断してください。小児啼泣（小児）。以下の項目には当てはまりません。便にたくさんの血が混じっていますか？またはイチゴゼリー様のものが混じっていますか？（顔色が悪く、）おなかが痛そうに間欠的に泣きますか？（強く泣いて、寝入るように泣き止み、また火がついたように泣くのを繰り返す。）歩けない（動けない）ほど苦しんでいますか？強い吐き気または3回以上の嘔吐がありますか？高い所から落ちましたか？おまた（股の付け根、陰嚢など）が膨らんでいますか？発熱（38℃以上）はありますか？痙攣がありましたか？頻繁に下痢がありますか？おなかをかなり痛がっていますか？頭をぶつけましたか？耳を痛がりますか？尿が出るときに泣きますか？今日、ウンチが出ていませんか？水分を十分にとれていないですか？（全身をみて）痛みの原因となるようなものがありますか？（指に巻き付いた毛髪や繊維など）,緑
515,小児 頭のけが・首のけが（小児）,1 回吐いたが〔かつ〕その後は普通ですか？ ,あなたは救急医です。救急受診が必要かどうかを判断してください。小児頭のけが・首のけが（小児）。1回吐いたがかつその後は普通ですか？はい。,緑
516,小児 頭のけが・首のけが（小児）,普段と とくに変わった様子はないですか? ,あなたは救急医です。救急受診が必要かどうかを判断してください。小児頭のけが・首のけが（小児）。普段ととくに変わった様子はないですか?はい。,緑
517,小児 頭のけが・首のけが（小児）,受傷後、すでに2 日（48 時間）何事もなく経っているが、心配で電話しただけですか？,あなたは救急医です。救急受診が必要かどうかを判断してください。小児頭のけが・首のけが（小児）。受傷後、すでに2日（48時間）何事もなく経っているが、心配で電話しただけですか？はい。,緑
